,fips_id,year,num_events,total_injuries,total_deaths,property_damage,crop_damage
0,34017,1996,21,0,0,0,0
1,36087,1996,12,0,0,0,0
2,36085,1996,11,0,0,0,0
3,36080,1996,7,0,0,0,0
4,36079,1996,14,0,0,0,0
5,36078,1996,6,0,0,0,0
6,36074,1996,5,0,0,0,0
7,36071,1996,18,0,0,0,0
8,36070,1996,2,1,1,0,0
9,36103,1996,11,0,0,0,0
10,36068,1996,3,0,0,0,0
11,36056,1996,3,0,0,0,0
12,36046,1996,2,0,0,0,0
13,36045,1996,3,0,0,0,0
14,36044,1996,3,0,0,0,0
15,36024,1996,2,0,0,0,0
16,36022,1996,1,0,0,0,0
17,36005,1996,10,0,0,0,0
18,35053,1996,2,0,0,0,0
19,36062,1996,3,0,0,0,0
20,36119,1996,17,0,0,0,0
21,37001,1996,1,0,0,0,0
22,37007,1996,2,0,0,0,0
23,37049,1996,2,0,0,0,0
24,37048,1996,1,0,0,0,0
25,37046,1996,3,0,0,0,0
26,37045,1996,3,0,0,0,0
27,37037,1996,2,0,0,0,0
28,37034,1996,1,0,0,0,0
29,37032,1996,1,0,0,0,0
30,37031,1996,2,0,0,0,0
31,37030,1996,1,0,0,0,0
32,37029,1996,2,0,0,0,0
33,37027,1996,5,0,0,0,0
34,37023,1996,2,0,0,0,0
35,37021,1996,3,0,0,0,0
36,37017,1996,2,0,0,0,0
37,37016,1996,1,0,0,0,0
38,37015,1996,1,0,0,0,0
39,37014,1996,1,0,0,0,0
40,37012,1996,1,0,0,0,0
41,37011,1996,1,0,0,0,0
42,35043,1996,1,0,0,0,0
43,35025,1996,1,0,0,0,0
44,35015,1996,10,0,0,0,0
45,35013,1996,1,0,0,0,0
46,33006,1996,1,0,0,0,0
47,33005,1996,5,0,0,0,0
48,33004,1996,3,0,0,0,0
49,33003,1996,4,0,0,0,0
50,33002,1996,4,0,0,0,0
51,32013,1996,1,0,0,0,0
52,32007,1996,4,0,0,0,0
53,31177,1996,1,0,0,0,0
54,31155,1996,3,0,0,0,0
55,31151,1996,1,0,0,0,0
56,31141,1996,1,0,0,0,2000000
57,31137,1996,1,0,0,0,0
58,31133,1996,2,0,0,0,0
59,31107,1996,1,0,0,0,0
60,31105,1996,2,0,0,0,0
61,31095,1996,2,0,0,0,0
62,31067,1996,3,0,0,0,0
63,31059,1996,1,0,0,0,0
64,31053,1996,1,0,0,0,0
65,33008,1996,1,0,0,0,0
66,37050,1996,2,0,0,0,0
67,33010,1996,3,0,0,0,0
68,33012,1996,7,0,0,0,0
69,35005,1996,1,0,4,0,0
70,34041,1996,2,0,0,0,0
71,34037,1996,2,0,0,0,0
72,34033,1996,2,0,0,0,0
73,34031,1996,14,0,1,0,0
74,34029,1996,3,0,0,0,0
75,34022,1996,7,0,0,0,0
76,34020,1996,7,0,0,0,0
77,34018,1996,13,0,0,0,0
78,99031,1996,3,0,0,0,0
79,34016,1996,9,0,0,0,0
80,34015,1996,10,0,0,0,0
81,34012,1996,10,0,0,0,0
82,34011,1996,6,0,0,0,0
83,34006,1996,3,0,0,0,0
84,34005,1996,10,0,0,0,0
85,34004,1996,4,0,0,0,0
86,34002,1996,3,0,0,0,0
87,33014,1996,1,0,0,0,0
88,33011,1996,9,0,0,0,0
89,31047,1996,1,0,0,0,0
90,37051,1996,3,0,0,0,0
91,37054,1996,1,0,0,0,0
92,38041,1996,1,0,0,0,0
93,38039,1996,3,0,0,0,0
94,38038,1996,3,0,0,0,0
95,38031,1996,1,0,0,0,0
96,38030,1996,3,0,0,0,0
97,38029,1996,3,0,0,0,0
98,38028,1996,3,0,0,0,0
99,38027,1996,3,0,0,0,0
100,38049,1996,3,0,0,0,0
101,38026,1996,3,0,0,0,0
102,38015,1996,1,0,1,0,0
103,38008,1996,3,0,0,0,0
104,38007,1996,3,0,0,0,0
105,37191,1996,2,0,0,0,0
106,37185,1996,1,0,0,0,0
107,37183,1996,5,0,0,0,0
108,37181,1996,1,0,0,0,0
109,37179,1996,2,0,0,0,0
110,38016,1996,3,0,0,0,0
111,38052,1996,3,0,0,0,0
112,38053,1996,3,0,0,0,0
113,38091,1996,1,0,0,0,0
114,39147,1996,3,0,0,0,0
115,39121,1996,4,0,0,0,0
116,39119,1996,5,0,0,0,0
117,39117,1996,3,0,0,0,0
118,39083,1996,2,0,0,0,0
119,39058,1996,5,0,0,0,0
120,39051,1996,3,0,0,0,0
121,39048,1996,3,0,0,0,0
122,39047,1996,1,0,0,0,0
123,39038,1996,2,0,0,0,0
124,39032,1996,1,0,0,0,0
125,39030,1996,1,0,0,0,0
126,39022,1996,1,0,0,0,0
127,39020,1996,1,0,0,0,0
128,39010,1996,1,0,0,0,0
129,39008,1996,2,0,0,0,0
130,39003,1996,3,0,0,0,0
131,38099,1996,1,0,0,0,0
132,38093,1996,1,0,0,0,0
133,37175,1996,2,0,0,0,0
134,37167,1996,1,0,0,0,0
135,37163,1996,3,0,0,0,0
136,37149,1996,2,0,0,0,0
137,37093,1996,3,0,0,0,0
138,37092,1996,3,0,0,0,0
139,37087,1996,1,0,0,0,0
140,37083,1996,1,0,0,0,0
141,37082,1996,3,0,0,0,0
142,37080,1996,3,0,0,0,0
143,37079,1996,3,0,0,0,0
144,37077,1996,1,0,0,0,0
145,37071,1996,2,0,0,0,0
146,37069,1996,1,0,0,0,0
147,37067,1996,3,0,0,0,0
148,37066,1996,1,0,0,0,0
149,37065,1996,3,0,0,0,0
150,37064,1996,3,0,0,0,0
151,37062,1996,4,0,0,0,0
152,37061,1996,1,0,0,0,0
153,37059,1996,3,0,0,0,0
154,37057,1996,2,0,0,0,0
155,37055,1996,2,0,0,0,0
156,37094,1996,3,0,0,0,0
157,37052,1996,2,0,0,0,0
158,37095,1996,3,0,0,0,0
159,37098,1996,3,0,0,0,0
160,37145,1996,1,0,0,0,0
161,37141,1996,6,0,0,0,0
162,37139,1996,1,0,0,0,0
163,37135,1996,1,0,0,0,0
164,37129,1996,9,0,0,0,0
165,37127,1996,1,0,0,0,0
166,37125,1996,2,0,0,0,0
167,37121,1996,1,0,0,0,0
168,37117,1996,1,0,0,0,0
169,37115,1996,1,0,0,0,0
170,37113,1996,1,0,0,0,0
171,37111,1996,2,0,0,0,0
172,37107,1996,1,0,0,0,0
173,37105,1996,1,0,0,0,0
174,37104,1996,3,0,0,0,0
175,37103,1996,5,0,0,0,0
176,37101,1996,2,0,0,0,0
177,37100,1996,1,0,0,0,0
178,37099,1996,2,0,0,0,0
179,37097,1996,1,0,0,0,0
180,31045,1996,1,0,0,0,0
181,31039,1996,1,0,0,0,0
182,31037,1996,1,0,0,0,0
183,27013,1996,2,0,0,0,0
184,27007,1996,1,0,0,0,0
185,27005,1996,1,0,0,0,0
186,27004,1996,1,0,0,0,0
187,27003,1996,1,0,0,0,0
188,27002,1996,1,0,0,0,0
189,27001,1996,1,0,0,0,0
190,26163,1996,1,0,0,0,0
191,27029,1996,1,0,0,0,0
192,26149,1996,1,0,0,0,0
193,26117,1996,1,0,0,0,0
194,26091,1996,1,0,0,0,0
195,26082,1996,5,0,0,0,0
196,26077,1996,2,0,0,0,0
197,26076,1996,7,0,0,0,0
198,26073,1996,1,0,0,0,0
199,26070,1996,2,0,0,0,0
200,26065,1996,1,0,0,0,0
201,26133,1996,1,0,0,0,0
202,27035,1996,1,0,0,0,0
203,27103,1996,1,0,0,0,0
204,28007,1996,1,0,0,0,0
205,29031,1996,8,0,0,0,0
206,29030,1996,2,0,0,0,0
207,29029,1996,10,0,0,0,0
208,29028,1996,12,0,0,0,0
209,29027,1996,1,0,0,0,0
210,29021,1996,1,0,0,0,0
211,29020,1996,21,0,0,0,0
212,29019,1996,1,0,0,0,0
213,29014,1996,3,0,0,0,0
214,29011,1996,2,0,0,0,0
215,29010,1996,1,0,0,0,0
216,29009,1996,5,0,0,0,0
217,29007,1996,1,0,0,0,0
218,29005,1996,3,0,0,0,0
219,29002,1996,10,0,0,0,0
220,29001,1996,7,0,0,0,0
221,28121,1996,2,0,0,0,0
222,28089,1996,1,0,0,0,0
223,28049,1996,1,0,0,0,0
224,26061,1996,6,0,0,0,0
225,26060,1996,1,0,0,0,0
226,26053,1996,4,0,0,0,1000000
227,26047,1996,1,0,0,0,0
228,25006,1996,3,0,0,0,0
229,25005,1996,11,0,0,0,0
230,25002,1996,1,0,0,0,0
231,24047,1996,2,0,0,0,0
232,24045,1996,1,0,0,0,0
233,24041,1996,2,0,0,0,0
234,24035,1996,1,0,0,0,0
235,24029,1996,1,0,0,0,0
236,24024,1996,1,0,0,0,0
237,24022,1996,1,0,0,0,0
238,24020,1996,7,0,0,0,0
239,24019,1996,8,0,0,0,0
240,24015,1996,12,1,0,0,0
241,24012,1996,7,0,0,0,0
242,24011,1996,2,0,0,0,0
243,24008,1996,7,2,0,0,0
244,23030,1996,1,0,0,0,0
245,23029,1996,1,0,0,0,0
246,23018,1996,3,0,0,0,0
247,25007,1996,5,0,0,0,0
248,29032,1996,14,0,0,0,0
249,25009,1996,7,0,0,0,0
250,25012,1996,2,0,0,0,0
251,26046,1996,1,0,0,0,0
252,26045,1996,1,0,0,0,0
253,26042,1996,1,0,0,0,0
254,26041,1996,3,0,0,0,0
255,26037,1996,1,0,0,0,0
256,26035,1996,1,0,0,0,0
257,26027,1996,3,0,0,0,0
258,26014,1996,1,0,0,0,0
259,26009,1996,1,0,0,0,0
260,26005,1996,2,0,0,0,0
261,25027,1996,7,0,0,0,0
262,25023,1996,9,0,0,0,0
263,25021,1996,7,0,0,0,0
264,25019,1996,5,0,0,0,0
265,25018,1996,1,0,0,0,0
266,25017,1996,14,0,0,0,0
267,25016,1996,2,0,0,0,0
268,25015,1996,6,0,0,0,0
269,25014,1996,1,0,0,0,0
270,25010,1996,2,0,0,0,0
271,29035,1996,1,0,0,0,0
272,29036,1996,1,0,0,0,0
273,29037,1996,9,0,0,0,0
274,29215,1996,2,0,0,0,0
275,29213,1996,1,0,0,0,0
276,29211,1996,1,0,0,0,0
277,29209,1996,1,0,0,0,0
278,29205,1996,1,0,0,0,0
279,29195,1996,1,0,0,0,0
280,29187,1996,2,0,0,0,0
281,29185,1996,1,0,0,0,0
282,29183,1996,1,0,0,0,0
283,29179,1996,1,0,0,0,0
284,29177,1996,1,0,0,0,0
285,29173,1996,1,0,0,0,0
286,29167,1996,2,0,0,0,0
287,29159,1996,1,0,0,0,0
288,29153,1996,2,0,0,0,0
289,29151,1996,1,0,0,0,0
290,29147,1996,3,0,0,0,0
291,29145,1996,3,0,0,0,0
292,29139,1996,1,0,0,0,0
293,29217,1996,1,0,0,0,0
294,29135,1996,2,0,0,0,0
295,29219,1996,1,0,0,0,0
296,29225,1996,1,0,0,0,0
297,31025,1996,1,0,0,0,55000
298,31023,1996,1,0,0,0,0
299,31019,1996,2,0,0,0,0
300,31003,1996,1,0,0,0,0
301,30109,1996,1,0,0,0,0
302,30105,1996,1,0,0,0,0
303,30093,1996,1,0,0,0,0
304,30081,1996,2,0,1,0,0
305,30077,1996,1,0,0,0,0
306,30063,1996,1,0,0,0,0
307,30053,1996,1,0,0,0,0
308,30029,1996,1,0,0,0,0
309,30009,1996,3,0,0,0,0
310,30007,1996,11,0,0,0,0
311,30006,1996,1,0,0,0,0
312,30002,1996,4,0,3,0,0
313,30001,1996,3,0,0,0,0
314,29510,1996,1,0,0,0,0
315,29229,1996,1,0,0,0,0
316,29221,1996,1,0,0,0,0
317,39157,1996,5,0,0,0,0
318,29123,1996,2,0,0,0,0
319,29115,1996,1,0,0,0,0
320,29062,1996,1,0,0,0,0
321,29061,1996,3,0,0,0,0
322,29060,1996,1,0,0,0,0
323,29059,1996,2,0,0,0,0
324,29057,1996,2,0,0,0,0
325,29055,1996,1,0,0,0,0
326,29054,1996,14,0,0,0,0
327,29051,1996,2,0,0,0,0
328,29050,1996,1,0,0,0,0
329,29049,1996,2,0,0,0,0
330,29048,1996,1,0,0,0,0
331,29047,1996,4,0,0,0,0
332,29046,1996,9,0,0,0,0
333,29044,1996,6,0,0,0,0
334,29043,1996,1,0,0,0,0
335,29041,1996,2,0,0,0,0
336,29040,1996,7,0,0,0,0
337,29039,1996,12,0,0,0,0
338,29038,1996,20,0,0,0,0
339,29063,1996,2,0,0,0,0
340,29119,1996,2,0,0,0,0
341,29064,1996,1,0,0,0,0
342,29067,1996,1,0,0,0,0
343,29114,1996,2,0,0,0,0
344,29112,1996,2,0,0,0,0
345,29111,1996,3,0,0,0,0
346,29109,1996,5,0,0,0,0
347,29107,1996,1,0,0,0,0
348,29101,1996,1,0,0,0,0
349,29100,1996,3,0,0,0,0
350,29099,1996,2,0,0,0,0
351,29095,1996,4,0,0,0,0
352,29093,1996,2,0,0,0,0
353,29087,1996,4,0,0,0,0
354,29085,1996,2,0,0,0,0
355,29084,1996,1,0,0,0,0
356,29081,1996,1,0,0,0,0
357,29079,1996,1,0,0,0,0
358,29077,1996,4,1,0,0,0
359,29075,1996,1,0,0,0,0
360,29073,1996,2,0,0,0,0
361,29071,1996,4,0,0,0,0
362,29065,1996,1,0,0,0,0
363,23001,1996,1,0,0,0,0
364,39161,1996,1,0,0,0,0
365,40001,1996,1,0,0,0,0
366,48329,1996,2,0,0,0,0
367,48317,1996,1,0,0,0,0
368,48305,1996,2,0,0,0,0
369,48303,1996,3,0,0,0,0
370,48287,1996,1,0,0,0,0
371,48283,1996,1,0,0,0,0
372,48279,1996,1,0,0,0,0
373,48277,1996,2,0,0,0,0
374,48331,1996,3,0,0,0,0
375,48275,1996,2,0,0,0,0
376,48269,1996,2,0,0,0,0
377,48263,1996,1,0,0,0,0
378,48259,1996,1,0,0,0,0
379,48254,1996,1,0,0,0,0
380,48253,1996,2,0,0,0,0
381,48251,1996,10,0,0,0,0
382,48245,1996,1,0,0,0,0
383,48243,1996,1,0,0,0,0
384,48273,1996,1,0,0,0,0
385,48333,1996,2,0,0,0,0
386,48341,1996,1,0,0,0,0
387,48349,1996,2,0,0,0,0
388,48483,1996,1,0,0,0,0
389,48479,1996,6,0,0,0,0
390,48449,1996,2,0,0,0,0
391,48447,1996,1,0,0,0,0
392,48443,1996,2,0,0,0,0
393,48437,1996,1,0,0,0,0
394,48429,1996,1,0,0,0,0
395,48427,1996,1,0,0,0,0
396,48425,1996,1,0,0,0,0
397,48411,1996,2,0,0,0,0
398,48389,1996,3,0,0,0,0
399,48387,1996,2,0,0,0,0
400,48383,1996,1,0,0,0,0
401,48381,1996,5,0,0,0,0
402,48377,1996,2,0,0,0,0
403,48375,1996,1,0,0,0,0
404,48363,1996,4,0,0,0,0
405,48355,1996,2,0,0,0,0
406,48353,1996,2,0,0,0,0
407,48227,1996,4,0,0,0,0
408,48221,1996,3,0,0,0,0
409,48207,1996,1,0,0,0,0
410,48195,1996,2,0,0,0,0
411,48095,1996,1,0,0,0,0
412,48093,1996,7,0,0,0,0
413,48088,1996,1,0,0,0,0
414,48087,1996,1,0,0,0,0
415,48072,1996,1,0,0,0,0
416,48069,1996,1,0,0,0,0
417,48066,1996,1,0,0,0,0
418,48061,1996,3,0,0,0,0
419,48057,1996,1,0,0,0,0
420,48043,1996,3,0,0,0,0
421,48038,1996,1,0,0,0,0
422,48035,1996,4,0,0,0,0
423,48027,1996,5,0,0,0,0
424,48025,1996,2,0,0,0,0
425,48007,1996,1,0,0,0,0
426,48003,1996,2,0,0,0,0
427,47189,1996,2,0,0,0,0
428,47187,1996,2,0,0,0,0
429,47185,1996,1,0,0,0,0
430,48097,1996,1,0,0,0,0
431,48485,1996,1,0,0,0,0
432,48099,1996,4,0,0,0,0
433,48105,1996,1,0,0,0,0
434,48193,1996,2,0,0,0,0
435,48189,1996,2,0,0,0,0
436,48186,1996,2,0,1,0,0
437,48181,1996,6,0,0,0,0
438,48173,1996,1,0,0,0,0
439,48170,1996,2,0,0,0,0
440,48165,1996,3,0,0,0,0
441,48163,1996,1,0,0,0,0
442,48159,1996,1,0,0,0,0
443,48149,1996,1,0,0,0,0
444,48147,1996,2,0,0,0,0
445,48145,1996,1,0,0,0,0
446,48143,1996,5,0,0,0,0
447,48141,1996,1,0,0,0,0
448,48129,1996,1,0,0,0,0
449,48127,1996,1,0,0,0,0
450,48125,1996,2,0,0,0,0
451,48119,1996,1,0,0,0,0
452,48107,1996,1,0,0,0,0
453,48103,1996,1,0,0,0,0
454,47181,1996,2,0,0,0,0
455,48487,1996,1,0,0,0,0
456,48493,1996,1,0,0,0,0
457,55037,1996,1,0,0,0,0
458,55036,1996,1,0,0,0,0
459,55035,1996,1,0,0,0,0
460,55031,1996,1,0,0,0,26000000
461,55030,1996,1,0,0,0,0
462,55022,1996,1,0,0,0,0
463,55020,1996,1,0,0,0,0
464,55018,1996,2,0,0,0,0
465,55038,1996,1,0,0,0,27000000
466,55013,1996,1,0,0,0,0
467,55011,1996,1,0,0,0,0
468,55010,1996,1,0,0,0,0
469,55009,1996,1,0,0,0,0
470,55005,1996,1,0,0,0,0
471,55004,1996,2,0,0,0,0
472,55003,1996,2,0,0,0,0
473,55002,1996,1,0,0,0,0
474,55001,1996,1,0,0,0,0
475,55012,1996,1,0,0,0,0
476,55039,1996,1,0,0,0,0
477,55040,1996,1,0,0,0,0
478,55048,1996,1,0,0,0,0
479,99029,1996,6,0,0,0,0
480,99027,1996,6,0,0,0,0
481,99025,1996,7,0,0,0,0
482,99023,1996,1,0,0,0,0
483,99019,1996,1,0,0,0,0
484,99017,1996,2,0,0,0,0
485,99013,1996,1,0,0,0,0
486,99005,1996,8,0,0,0,0
487,99001,1996,1,0,0,0,0
488,56033,1996,1,0,0,0,0
489,56007,1996,1,0,0,0,0
490,55141,1996,2,0,0,0,0
491,55125,1996,1,0,0,0,0
492,55113,1996,1,0,0,0,0
493,55083,1996,1,0,0,0,0
494,55075,1996,1,0,0,0,0
495,55068,1996,3,0,0,0,5700000
496,55050,1996,1,0,0,0,3000000
497,55049,1996,1,0,0,0,0
498,54052,1996,1,0,0,0,0
499,53065,1996,2,0,0,0,0
500,53063,1996,2,0,0,0,0
501,53051,1996,2,0,0,0,0
502,51101,1996,1,0,0,0,0
503,51098,1996,1,0,0,0,0
504,51097,1996,1,0,0,0,0
505,51088,1996,1,0,0,0,0
506,51073,1996,2,0,0,0,0
507,51070,1996,1,0,0,0,0
508,51063,1996,1,0,0,0,0
509,51062,1996,1,0,0,0,0
510,51048,1996,1,0,0,0,0
511,51046,1996,2,0,0,0,0
512,51033,1996,4,0,0,0,0
513,51022,1996,2,0,0,0,0
514,51016,1996,1,0,0,0,0
515,51014,1996,1,0,0,0,0
516,51012,1996,1,0,0,0,0
517,49035,1996,1,0,0,0,0
518,49015,1996,1,0,0,0,0
519,48505,1996,3,0,0,0,0
520,48495,1996,1,0,0,0,0
521,51103,1996,1,0,0,0,0
522,48489,1996,1,0,0,0,0
523,51105,1996,3,0,0,0,0
524,51117,1996,1,0,0,0,0
525,53045,1996,1,0,0,0,0
526,53040,1996,1,0,0,0,0
527,53039,1996,1,0,0,0,0
528,53027,1996,1,0,1,0,0
529,53022,1996,1,0,0,0,0
530,53021,1996,1,0,0,0,0
531,53020,1996,1,0,0,0,0
532,53008,1996,1,0,0,0,0
533,53006,1996,1,0,0,0,0
534,51710,1996,3,0,0,0,0
535,51550,1996,1,0,0,0,0
536,51195,1996,4,0,0,0,0
537,51181,1996,1,0,0,0,0
538,51175,1996,1,0,0,0,0
539,51169,1996,6,0,0,0,0
540,51167,1996,2,0,0,0,0
541,51141,1996,2,0,0,0,0
542,51127,1996,1,0,0,0,0
543,51119,1996,3,0,0,0,0
544,51109,1996,1,0,0,0,0
545,47179,1996,2,0,0,0,0
546,47177,1996,1,0,0,0,0
547,47171,1996,1,0,0,0,0
548,42026,1996,1,0,0,0,0
549,42025,1996,6,0,0,0,0
550,42024,1996,1,0,0,0,0
551,42023,1996,3,0,0,0,0
552,42018,1996,1,0,0,0,0
553,42013,1996,7,0,1,0,0
554,42012,1996,1,0,0,0,0
555,42011,1996,6,1,0,0,0
556,42027,1996,6,0,0,0,0
557,42010,1996,1,0,0,0,0
558,42006,1996,1,0,0,0,0
559,42004,1996,1,0,0,0,0
560,42002,1996,1,0,0,0,0
561,42001,1996,6,0,0,0,0
562,41045,1996,4,0,0,0,0
563,41035,1996,1,0,0,0,0
564,41033,1996,1,0,0,0,0
565,41029,1996,1,0,0,0,0
566,42009,1996,7,0,2,0,0
567,42028,1996,1,0,0,0,0
568,42033,1996,7,0,0,0,0
569,42034,1996,1,0,0,0,0
570,42066,1996,1,0,0,0,0
571,42064,1996,1,0,0,0,0
572,42058,1996,1,0,0,0,0
573,42057,1996,6,0,0,0,0
574,42056,1996,1,0,0,0,0
575,42052,1996,1,0,0,0,0
576,42050,1996,1,0,0,0,0
577,42047,1996,6,0,0,0,0
578,42046,1996,1,0,0,0,0
579,42045,1996,6,0,0,0,0
580,42044,1996,2,0,0,0,0
581,42043,1996,6,0,0,0,0
582,42042,1996,1,0,0,0,0
583,42041,1996,5,0,2,0,0
584,42040,1996,1,0,0,0,0
585,42038,1996,3,0,0,0,0
586,42037,1996,5,0,0,0,0
587,42036,1996,1,0,0,0,0
588,42035,1996,4,0,0,0,0
589,41011,1996,3,0,0,0,0
590,41010,1996,2,0,0,0,0
591,41009,1996,1,0,0,0,0
592,41008,1996,2,0,0,0,0
593,40071,1996,4,0,0,0,0
594,40065,1996,2,0,0,0,0
595,40061,1996,4,0,0,0,0
596,40055,1996,2,0,0,0,0
597,40053,1996,2,0,0,0,0
598,40051,1996,1,0,0,0,0
599,40045,1996,1,0,0,0,0
600,40041,1996,3,0,0,0,0
601,40037,1996,8,0,0,0,0
602,40033,1996,1,0,0,0,0
603,40031,1996,3,0,0,0,0
604,40027,1996,3,0,0,0,0
605,40025,1996,2,0,0,0,0
606,40023,1996,2,0,0,0,0
607,40017,1996,3,0,0,0,0
608,40015,1996,1,0,0,0,0
609,40013,1996,5,0,0,0,0
610,40005,1996,3,0,0,0,0
611,40003,1996,3,0,0,0,0
612,40077,1996,5,0,0,0,0
613,42075,1996,5,0,0,0,0
614,40081,1996,1,0,0,0,0
615,40091,1996,2,0,0,0,0
616,41002,1996,5,0,0,0,0
617,41001,1996,6,0,0,0,0
618,40153,1996,1,0,0,0,0
619,40151,1996,1,0,0,0,0
620,40149,1996,2,0,0,0,0
621,40147,1996,1,0,0,0,0
622,40143,1996,7,0,0,0,0
623,40139,1996,2,0,0,0,0
624,40137,1996,3,0,0,0,0
625,40133,1996,2,0,0,0,0
626,40131,1996,7,0,0,0,0
627,40127,1996,5,0,1,0,0
628,40125,1996,1,0,0,0,0
629,40115,1996,1,0,0,0,0
630,40111,1996,1,0,0,0,0
631,40109,1996,4,0,0,0,0
632,40105,1996,1,0,0,0,0
633,40099,1996,2,0,0,0,0
634,40097,1996,3,0,0,0,0
635,40089,1996,2,0,0,0,0
636,42077,1996,5,1,0,0,0
637,42081,1996,4,0,6,0,0
638,42083,1996,3,0,0,0,0
639,47009,1996,2,0,0,0,0
640,47005,1996,2,0,0,0,0
641,47003,1996,2,0,0,0,0
642,46103,1996,3,0,0,0,0
643,46081,1996,2,0,0,0,0
644,46049,1996,1,0,0,0,0
645,46047,1996,1,0,0,0,0
646,46046,1996,1,0,0,0,0
647,46044,1996,1,0,0,0,0
648,46043,1996,1,0,0,0,0
649,46042,1996,1,0,0,0,0
650,46033,1996,2,0,0,0,0
651,46032,1996,1,0,0,0,0
652,46031,1996,1,0,0,0,0
653,46030,1996,1,0,0,0,0
654,46029,1996,1,0,0,0,0
655,46028,1996,1,0,0,0,0
656,46026,1996,1,0,0,0,0
657,46025,1996,1,0,0,0,0
658,47011,1996,1,0,0,0,0
659,46024,1996,1,0,0,0,0
660,47013,1996,3,0,0,0,0
661,47025,1996,4,0,0,0,0
662,47165,1996,5,0,0,0,0
663,47161,1996,1,0,0,0,0
664,47155,1996,2,0,0,0,0
665,47151,1996,3,0,0,0,0
666,47147,1996,1,0,0,0,0
667,47145,1996,2,0,0,0,0
668,47141,1996,1,0,0,0,0
669,47133,1996,1,0,0,0,0
670,47129,1996,3,0,0,0,0
671,47127,1996,2,0,0,0,0
672,47125,1996,1,0,0,0,0
673,47117,1996,2,0,0,0,0
674,47073,1996,2,0,0,0,0
675,47059,1996,1,0,0,0,0
676,47055,1996,3,0,0,0,0
677,47043,1996,1,0,0,0,0
678,47037,1996,5,0,0,0,0
679,47035,1996,3,0,0,0,0
680,47029,1996,1,0,0,0,0
681,47021,1996,1,0,0,0,0
682,39173,1996,2,0,0,0,0
683,46014,1996,1,0,0,0,0
684,46012,1996,1,0,0,0,0
685,44004,1996,2,0,0,0,0
686,44003,1996,7,0,0,0,0
687,44002,1996,3,0,0,0,0
688,44001,1996,8,0,0,0,0
689,42133,1996,6,0,0,0,0
690,42123,1996,6,0,0,0,0
691,42119,1996,4,0,0,0,0
692,42113,1996,3,0,0,0,0
693,42111,1996,6,0,0,0,0
694,42109,1996,5,0,1,0,0
695,42107,1996,6,0,0,0,0
696,42105,1996,4,0,0,0,0
697,42101,1996,7,0,0,0,0
698,42099,1996,4,0,1,0,0
699,42097,1996,3,0,0,0,0
700,42095,1996,3,0,0,0,0
701,42093,1996,3,0,0,0,0
702,42089,1996,7,0,0,0,0
703,42087,1996,4,0,0,0,0
704,44005,1996,5,0,0,0,0
705,46013,1996,1,0,0,0,0
706,44006,1996,1,0,0,0,0
707,44009,1996,3,0,0,0,0
708,46002,1996,1,0,0,0,0
709,46001,1996,1,0,0,0,0
710,45091,1996,1,0,0,0,0
711,45075,1996,1,0,0,0,0
712,45055,1996,1,0,0,0,0
713,45047,1996,2,0,0,0,0
714,45046,1996,2,0,0,0,0
715,45045,1996,3,0,0,0,0
716,45035,1996,1,0,0,0,0
717,45034,1996,2,0,0,0,0
718,45025,1996,2,0,0,0,0
719,45015,1996,1,0,0,0,0
720,45013,1996,3,0,0,0,0
721,45012,1996,2,0,0,0,0
722,45011,1996,1,0,0,0,0
723,45010,1996,1,0,0,0,0
724,45006,1996,1,0,0,0,0
725,45005,1996,1,0,0,0,0
726,45004,1996,1,0,0,0,0
727,44007,1996,5,0,0,0,0
728,22127,1996,1,0,0,0,0
729,99039,1996,4,0,0,0,0
730,22111,1996,1,0,0,0,0
731,18053,1996,2,0,0,0,0
732,18052,1996,1,0,0,0,0
733,18050,1996,2,0,0,0,0
734,18049,1996,2,0,0,0,0
735,18048,1996,1,0,0,0,0
736,18046,1996,1,0,0,0,0
737,18045,1996,2,0,0,0,0
738,18054,1996,2,0,0,0,0
739,18044,1996,3,0,0,0,0
740,18039,1996,2,0,0,0,0
741,18037,1996,2,0,0,0,0
742,18036,1996,2,0,0,0,0
743,22119,1996,3,0,0,0,0
744,18027,1996,3,0,0,0,0
745,18025,1996,1,0,0,0,0
746,18023,1996,2,0,0,0,0
747,18043,1996,2,0,0,0,0
748,18019,1996,1,0,0,0,0
749,18055,1996,3,0,0,0,0
750,18057,1996,2,0,0,0,0
751,18083,1996,3,0,0,0,0
752,18079,1996,21,0,0,0,0
753,18078,1996,1,0,0,0,0
754,18073,1996,1,0,0,0,0
755,18072,1996,1,0,0,0,0
756,18071,1996,5,0,0,0,0
757,18070,1996,3,0,0,0,0
758,18056,1996,2,0,0,0,0
759,18068,1996,4,0,0,0,0
760,18065,1996,1,0,0,0,0
761,18064,1996,6,0,0,0,0
762,18063,1996,1,0,0,0,0
763,18062,1996,1,0,0,0,0
764,18061,1996,3,0,0,0,0
765,18060,1996,4,0,0,0,0
766,18059,1996,2,0,0,0,0
767,18067,1996,7,0,0,0,0
768,18086,1996,1,0,0,0,0
769,18015,1996,1,0,0,0,0
770,18011,1996,1,0,0,0,0
771,17099,1996,3,0,0,0,0
772,17098,1996,1,0,0,0,0
773,17097,1996,4,0,0,0,0
774,17096,1996,1,0,0,0,0
775,17095,1996,1,0,0,0,0
776,17091,1996,5,0,0,0,0
777,17090,1996,4,0,0,0,0
778,17100,1996,1,0,0,0,0
779,17088,1996,3,0,0,0,0
780,17083,1996,4,0,0,0,0
781,17079,1996,2,0,0,0,0
782,17075,1996,1,0,0,0,0
783,17051,1996,1,0,0,0,0
784,17049,1996,1,0,0,0,0
785,17041,1996,2,0,0,0,0
786,17037,1996,2,0,0,0,0
787,17085,1996,2,0,0,0,0
788,18013,1996,1,0,0,0,0
789,17102,1996,1,0,0,0,0
790,17111,1996,1,0,0,0,0
791,18005,1996,1,0,0,0,0
792,17201,1996,2,0,0,0,0
793,17197,1996,1,0,2,0,0
794,17183,1996,3,0,0,0,0
795,17173,1996,1,0,0,0,0
796,17167,1996,1,0,0,0,0
797,17163,1996,1,0,0,0,0
798,17103,1996,1,0,0,0,0
799,17157,1996,1,0,0,0,0
800,17143,1996,1,0,0,0,0
801,17141,1996,2,0,0,0,0
802,17139,1996,2,0,0,0,0
803,17133,1996,1,0,0,0,0
804,17123,1996,1,0,0,0,0
805,17119,1996,1,0,0,0,0
806,17115,1996,1,0,0,0,0
807,17153,1996,1,0,0,0,0
808,18087,1996,3,0,0,0,0
809,18088,1996,1,0,0,0,0
810,18089,1996,6,0,0,0,0
811,19089,1996,1,0,0,0,0
812,19088,1996,1,0,0,0,0
813,19087,1996,1,0,0,0,0
814,19086,1996,3,0,0,0,0
815,19085,1996,5,0,0,0,0
816,19084,1996,4,0,0,0,0
817,19082,1996,3,0,0,0,0
818,19092,1996,4,0,0,0,0
819,19081,1996,3,0,0,0,0
820,19077,1996,1,0,0,0,0
821,19076,1996,1,0,0,0,0
822,19074,1996,6,0,0,0,0
823,19073,1996,4,0,0,0,0
824,19072,1996,4,0,0,0,0
825,19071,1996,2,0,0,0,0
826,19070,1996,2,0,0,0,0
827,19078,1996,1,0,0,0,0
828,19068,1996,1,0,0,0,0
829,19093,1996,3,0,0,0,0
830,19096,1996,3,0,0,0,0
831,20025,1996,10,0,0,0,0
832,20023,1996,1,0,0,0,0
833,20021,1996,3,0,0,0,0
834,20020,1996,1,0,0,0,0
835,20011,1996,1,0,0,0,0
836,20010,1996,1,0,0,0,0
837,20009,1996,2,0,0,0,0
838,19095,1996,3,0,0,0,0
839,20007,1996,2,0,0,0,0
840,20002,1996,1,0,0,0,0
841,19183,1996,1,0,0,0,0
842,19177,1996,1,0,0,0,0
843,19165,1996,1,0,0,0,0
844,19145,1996,1,0,0,0,0
845,19133,1996,1,0,0,0,0
846,19098,1996,1,0,0,0,0
847,20003,1996,3,0,0,0,0
848,19067,1996,1,0,0,0,0
849,19064,1996,1,0,0,0,0
850,19063,1996,1,0,0,0,0
851,18149,1996,1,0,0,0,0
852,18145,1996,1,0,0,0,0
853,18141,1996,4,0,0,0,0
854,18127,1996,2,0,0,0,0
855,18123,1996,2,0,0,0,0
856,18119,1996,1,0,0,0,0
857,18117,1996,2,0,0,0,0
858,18157,1996,2,0,0,0,0
859,18111,1996,1,0,0,0,0
860,18101,1996,1,0,0,0,0
861,18099,1996,1,0,0,0,0
862,18097,1996,1,0,0,0,0
863,18095,1996,1,0,0,0,0
864,18092,1996,2,0,0,0,0
865,18091,1996,3,0,0,0,0
866,18090,1996,2,0,0,0,0
867,18107,1996,4,0,0,0,0
868,18175,1996,1,0,0,0,0
869,18183,1996,1,0,0,0,0
870,19033,1996,3,0,0,0,0
871,19062,1996,5,0,0,0,0
872,19061,1996,6,0,0,0,0
873,19060,1996,6,0,0,0,0
874,19058,1996,5,0,0,0,0
875,19057,1996,4,0,0,0,0
876,19052,1996,1,0,0,0,0
877,19051,1996,1,0,0,0,0
878,19050,1996,2,0,0,0,0
879,19046,1996,4,0,0,0,0
880,19045,1996,3,0,0,0,0
881,19044,1996,1,0,0,0,0
882,19039,1996,1,0,0,0,0
883,19038,1996,1,0,0,0,0
884,19037,1996,1,0,0,0,0
885,19036,1996,2,0,0,0,0
886,19035,1996,1,0,0,0,0
887,19034,1996,3,0,0,0,0
888,17035,1996,1,0,0,0,0
889,20029,1996,1,0,0,0,0
890,17033,1996,1,0,0,0,0
891,17007,1996,2,0,0,0,0
892,06087,1996,3,0,0,0,0
893,06085,1996,1,0,0,0,0
894,06081,1996,2,0,0,0,0
895,06079,1996,1,0,0,0,0
896,06075,1996,1,0,0,0,0
897,06067,1996,1,0,0,0,0
898,06055,1996,1,0,1,0,0
899,06089,1996,1,0,2,0,0
900,06053,1996,3,0,0,0,0
901,06041,1996,1,0,0,0,0
902,06039,1996,1,0,0,0,0
903,06037,1996,1,0,0,0,0
904,06031,1996,1,0,0,0,0
905,06023,1996,2,0,0,0,0
906,06016,1996,1,0,0,0,0
907,06013,1996,1,0,0,0,0
908,06045,1996,1,0,0,0,0
909,06006,1996,3,2,0,0,0
910,06095,1996,1,0,0,0,0
911,06105,1996,2,0,0,0,0
912,09010,1996,6,0,1,0,0
913,09008,1996,3,0,0,0,0
914,09007,1996,12,0,0,0,0
915,09006,1996,3,0,0,0,0
916,09003,1996,6,0,0,0,0
917,09002,1996,18,0,0,0,0
918,08123,1996,2,0,0,0,0
919,06097,1996,3,0,1,0,0
920,08121,1996,3,0,0,0,0
921,08075,1996,2,0,0,0,0
922,08071,1996,1,0,0,0,0
923,08069,1996,1,0,0,0,0
924,08041,1996,6,0,0,0,0
925,08031,1996,1,1,0,0,0
926,08009,1996,1,0,0,0,0
927,06109,1996,1,0,1,0,0
928,08099,1996,2,0,0,0,0
929,09011,1996,11,0,0,0,0
930,06004,1996,1,0,1,0,0
931,06002,1996,2,0,0,0,0
932,05017,1996,1,0,0,0,0
933,05015,1996,2,0,0,0,0
934,04027,1996,1,0,0,0,0
935,04025,1996,4,0,0,0,0
936,04021,1996,2,0,0,0,0
937,04017,1996,1,0,0,0,0
938,04013,1996,6,0,0,0,0
939,05019,1996,1,0,0,0,0
940,04012,1996,2,0,0,0,0
941,04003,1996,9,0,0,0,0
942,04001,1996,1,0,0,0,0
943,02021,1996,1,0,0,0,0
944,01115,1996,1,0,0,0,0
945,01103,1996,1,0,0,0,0
946,01021,1996,1,0,1,0,0
947,01019,1996,1,0,0,0,0
948,04007,1996,2,0,0,0,0
949,06003,1996,1,0,0,0,0
950,05033,1996,4,0,0,0,0
951,05051,1996,2,0,0,0,0
952,05149,1996,1,0,0,0,0
953,05143,1996,6,0,0,0,0
954,05139,1996,1,0,0,0,0
955,05127,1996,1,0,0,0,0
956,05125,1996,2,0,0,0,0
957,05119,1996,3,0,0,0,0
958,05113,1996,1,0,0,0,0
959,05047,1996,1,0,0,0,0
960,05109,1996,1,0,0,0,0
961,05087,1996,4,0,0,0,0
962,05085,1996,1,0,0,0,0
963,05083,1996,1,0,0,0,0
964,05071,1996,1,0,0,0,0
965,05061,1996,1,0,0,0,0
966,05059,1996,1,0,0,0,0
967,05057,1996,2,0,0,0,0
968,05097,1996,1,0,0,0,0
969,09012,1996,3,0,0,0,0
970,09013,1996,4,0,0,0,0
971,09015,1996,3,0,0,0,0
972,15007,1996,10,0,0,0,0
973,13293,1996,2,0,0,0,0
974,13291,1996,1,0,0,0,0
975,13263,1996,1,0,0,0,0
976,13255,1996,1,0,0,0,0
977,13241,1996,1,0,0,0,0
978,13233,1996,1,0,0,0,0
979,15009,1996,18,0,0,0,0
980,13231,1996,1,0,0,0,0
981,13217,1996,1,0,0,0,0
982,13207,1996,1,0,0,0,0
983,13187,1996,2,0,0,0,0
984,13171,1996,2,0,0,0,0
985,13169,1996,1,0,0,0,0
986,13159,1996,1,0,0,0,0
987,13137,1996,1,0,0,0,0
988,13227,1996,1,0,0,0,0
989,13129,1996,1,0,0,0,0
990,16005,1996,5,0,0,0,0
991,16015,1996,3,0,0,0,0
992,17001,1996,3,0,0,0,0
993,16085,1996,1,0,0,0,0
994,16079,1996,1,0,0,0,0
995,16077,1996,4,0,0,0,0
996,16069,1996,1,0,0,0,0
997,16067,1996,1,0,0,0,0
998,16065,1996,1,0,0,0,0
999,16011,1996,2,0,0,0,0
1000,16063,1996,2,0,0,0,0
1001,16043,1996,2,0,0,0,0
1002,16035,1996,2,0,0,0,0
1003,16033,1996,1,0,0,0,0
1004,16031,1996,5,1,1,0,0
1005,16029,1996,1,0,0,0,0
1006,16019,1996,6,0,0,0,0
1007,16017,1996,1,0,0,0,0
1008,16047,1996,2,0,0,0,0
1009,13115,1996,1,0,0,0,0
1010,13113,1996,1,0,0,0,0
1011,13073,1996,2,0,0,0,0
1012,12037,1996,1,0,0,0,0
1013,12034,1996,1,0,0,0,0
1014,12029,1996,1,0,0,0,0
1015,12028,1996,1,0,0,0,0
1016,12027,1996,1,0,0,0,0
1017,12026,1996,1,0,0,0,0
1018,12018,1996,1,0,0,0,0
1019,12043,1996,1,0,0,0,0
1020,12017,1996,1,0,0,0,0
1021,12015,1996,2,0,0,0,0
1022,12014,1996,1,0,0,0,0
1023,12013,1996,1,0,0,0,0
1024,12012,1996,1,0,0,0,0
1025,12011,1996,1,0,0,0,0
1026,10005,1996,1,0,0,0,0
1027,10002,1996,6,0,0,0,0
1028,12016,1996,1,0,0,0,0
1029,12052,1996,1,0,0,0,0
1030,12056,1996,1,0,0,0,0
1031,12057,1996,5,0,0,0,0
1032,13067,1996,1,0,0,0,0
1033,13055,1996,1,0,0,0,0
1034,13047,1996,1,0,0,0,0
1035,13045,1996,1,0,0,0,0
1036,13035,1996,1,0,0,0,0
1037,13029,1996,1,0,0,0,0
1038,13028,1996,3,0,0,0,0
1039,13026,1996,1,0,0,0,0
1040,13018,1996,1,0,0,0,0
1041,13017,1996,3,0,0,0,0
1042,13010,1996,2,0,0,0,0
1043,12107,1996,1,0,0,0,0
1044,12105,1996,1,0,0,0,0
1045,12099,1996,1,0,0,0,0
1046,12097,1996,1,0,0,0,0
1047,12075,1996,3,0,0,0,0
1048,12061,1996,2,0,0,0,0
1049,17013,1996,1,0,0,0,0
1050,20030,1996,1,0,0,0,0
1051,18035,1996,1,0,0,0,0
1052,20031,1996,2,0,0,0,0
1053,22038,1996,1,0,0,0,0
1054,22040,1996,1,0,0,0,0
1055,21167,1996,1,0,0,0,0
1056,21165,1996,1,0,0,0,0
1057,20101,1996,1,0,0,0,0
1058,22041,1996,1,0,0,0,0
1059,21157,1996,1,0,0,0,0
1060,20103,1996,19,0,0,0,0
1061,21155,1996,1,0,0,0,0
1062,22050,1996,1,0,0,0,0
1063,20104,1996,1,0,0,0,0
1064,22031,1996,3,0,0,0,0
1065,22057,1996,1,0,0,0,0
1066,22060,1996,1,0,0,0,0
1067,21149,1996,1,0,0,0,0
1068,20105,1996,1,0,0,0,0
1069,22061,1996,1,0,0,0,0
1070,20107,1996,1,0,0,0,0
1071,22062,1996,1,0,0,0,0
1072,22064,1996,1,0,0,0,0
1073,20109,1996,2,0,0,0,0
1074,20117,1996,2,0,0,0,0
1075,21209,1996,1,0,0,0,0
1076,20121,1996,1,0,0,0,0
1077,22058,1996,1,0,0,0,0
1078,22027,1996,1,0,0,0,0
1079,20097,1996,1,0,0,0,0
1080,20091,1996,4,0,0,0,500000
1081,21203,1996,1,0,0,0,0
1082,21199,1996,1,0,0,0,0
1083,20060,1996,1,0,0,0,0
1084,20059,1996,4,0,0,0,0
1085,21215,1996,1,0,0,0,0
1086,20063,1996,1,0,0,0,0
1087,21197,1996,2,0,0,0,0
1088,21219,1996,1,0,0,0,0
1089,20057,1996,3,0,0,0,0
1090,20064,1996,5,0,0,0,0
1091,21225,1996,2,0,0,0,0
1092,21227,1996,1,0,0,0,0
1093,20071,1996,1,0,0,0,0
1094,20055,1996,2,0,0,0,0
1095,21233,1996,1,0,0,0,0
1096,20079,1996,2,0,0,0,200000
1097,21239,1996,1,0,0,0,0
1098,20081,1996,1,0,0,0,0
1099,22002,1996,1,0,0,0,0
1100,20085,1996,1,0,0,0,0
1101,22005,1996,1,0,0,0,0
1102,21185,1996,3,0,0,0,0
1103,20054,1996,1,0,0,0,0
1104,21181,1996,1,0,0,0,0
1105,22017,1996,8,1,0,0,0
1106,22066,1996,1,0,0,0,0
1107,20139,1996,1,0,0,0,0
1108,20119,1996,2,0,0,0,0
1109,21074,1996,1,0,0,0,0
1110,20185,1996,1,0,0,0,0
1111,22067,1996,1,0,0,0,0
1112,20189,1996,3,0,0,0,0
1113,21032,1996,1,0,0,0,0
1114,21031,1996,1,0,0,0,0
1115,20193,1996,2,0,0,0,0
1116,21029,1996,1,0,0,0,0
1117,21028,1996,1,0,0,0,0
1118,21025,1996,2,0,0,0,0
1119,21024,1996,1,0,0,0,0
1120,20203,1996,1,0,0,0,0
1121,21020,1996,1,0,0,0,0
1122,20046,1996,1,0,0,0,0
1123,21018,1996,1,0,0,0,0
1124,20039,1996,3,0,0,0,0
1125,20038,1996,1,0,0,0,0
1126,21001,1996,2,0,0,0,0
1127,20037,1996,2,0,0,0,0
1128,21017,1996,2,0,0,0,0
1129,21014,1996,3,0,0,0,50000
1130,21012,1996,1,0,0,0,0
1131,21011,1996,2,0,0,0,0
1132,20035,1996,1,0,0,0,0
1133,21010,1996,3,0,0,0,0
1134,21002,1996,2,0,0,0,0
1135,21003,1996,2,0,0,0,0
1136,20209,1996,1,0,0,0,0
1137,21042,1996,2,0,0,0,0
1138,20187,1996,1,0,0,0,0
1139,20175,1996,1,0,0,0,0
1140,22069,1996,1,0,0,0,0
1141,21069,1996,1,0,0,0,0
1142,22070,1996,1,0,0,0,0
1143,21067,1996,2,0,0,0,0
1144,21065,1996,1,0,0,0,0
1145,20143,1996,1,0,0,0,0
1146,20053,1996,1,0,0,0,0
1147,22083,1996,2,0,0,0,0
1148,21061,1996,2,0,0,0,0
1149,22085,1996,1,0,0,0,0
1150,20181,1996,1,0,0,0,0
1151,22089,1996,1,0,0,0,0
1152,20147,1996,2,0,0,0,5000
1153,21059,1996,2,0,0,0,0
1154,21211,1996,3,0,0,0,0
1155,21052,1996,1,0,0,0,0
1156,20151,1996,1,0,0,0,0
1157,21044,1996,2,0,0,0,0
1158,20169,1996,1,0,0,0,0
1159,21049,1996,2,0,0,0,0
1160,20153,1996,3,0,0,0,0
1161,20155,1996,2,0,0,0,0
1162,20157,1996,1,0,0,0,0
1163,20165,1996,2,0,0,0,0
1164,20159,1996,1,0,0,0,0
1165,22093,1996,2,0,0,0,0
1166,47079,1996,1,0,0,500,0
1167,37003,1996,2,0,0,500,0
1168,37019,1996,6,0,0,500,0
1169,47069,1996,1,0,0,500,0
1170,12023,1996,1,0,0,900,0
1171,47045,1996,1,0,0,1000,0
1172,21175,1996,1,0,0,1000,0
1173,47149,1996,3,0,0,1000,0
1174,28139,1996,1,0,0,1000,0
1175,28003,1996,1,0,0,1000,0
1176,37020,1996,2,0,0,1000,0
1177,02018,1996,2,0,0,1000,0
1178,51052,1996,1,0,0,1000,0
1179,04005,1996,5,1,0,1000,0
1180,21086,1996,1,0,0,2000,0
1181,56009,1996,2,0,0,2000,0
1182,48299,1996,1,0,0,2000,0
1183,37039,1996,1,0,0,2000,0
1184,49009,1996,2,0,0,2000,0
1185,39027,1996,1,0,0,2000,0
1186,02005,1996,1,0,0,2000,0
1187,47023,1996,2,0,0,2000,0
1188,21085,1996,2,0,0,2000,0
1189,56005,1996,3,0,0,2000,0
1190,12115,1996,1,0,0,2000,0
1191,47113,1996,1,0,0,2000,0
1192,17151,1996,1,0,0,2000,0
1193,51115,1996,1,0,0,2000,0
1194,39057,1996,2,0,0,3000,0
1195,45003,1996,3,0,0,3000,0
1196,39017,1996,2,0,1,3000,0
1197,39011,1996,4,0,0,3000,0
1198,39135,1996,1,0,0,3000,0
1199,18161,1996,1,0,0,3000,0
1200,21081,1996,1,0,0,3000,0
1201,48325,1996,3,0,0,3000,0
1202,39159,1996,1,0,0,3000,0
1203,48053,1996,3,0,0,3000,0
1204,48271,1996,2,0,0,3000,0
1205,54035,1996,1,0,0,3000,0
1206,06043,1996,2,1,1,4000,0
1207,21139,1996,1,0,0,4000,0
1208,48113,1996,8,0,0,4000,0
1209,39109,1996,1,0,0,4000,0
1210,08113,1996,1,0,0,4000,0
1211,54069,1996,2,0,0,5000,0
1212,54085,1996,2,0,4,5000,0
1213,48477,1996,1,0,0,5000,0
1214,48481,1996,1,0,0,5000,0
1215,29091,1996,4,0,0,5000,0
1216,48455,1996,1,0,0,5000,0
1217,21023,1996,2,0,0,5000,0
1218,05131,1996,4,0,0,5000,0
1219,21125,1996,1,0,0,5000,0
1220,16039,1996,3,0,0,5000,0
1221,17127,1996,2,0,0,5000,0
1222,22081,1996,2,0,0,5000,0
1223,51087,1996,1,1,1,5000,0
1224,12071,1996,2,0,0,5000,0
1225,21083,1996,2,0,0,5000,0
1226,18177,1996,1,0,0,5000,0
1227,20123,1996,2,0,0,5000,2000
1228,54105,1996,1,0,0,5000,0
1229,21087,1996,1,0,0,5000,0
1230,17076,1996,3,0,0,5000,20000
1231,29203,1996,2,0,0,5000,0
1232,16083,1996,10,0,0,5000,0
1233,40079,1996,9,0,0,5000,0
1234,40145,1996,4,0,0,5000,0
1235,17094,1996,7,0,0,5000,0
1236,39075,1996,5,0,0,5000,0
1237,05007,1996,5,0,0,5000,0
1238,45079,1996,1,0,0,5000,0
1239,48051,1996,1,0,0,5000,0
1240,39063,1996,5,0,0,5000,0
1241,47099,1996,5,0,0,5000,0
1242,21005,1996,4,0,0,5000,0
1243,48059,1996,2,0,0,5000,0
1244,21008,1996,1,0,0,5000,0
1245,47049,1996,4,0,0,5000,50000
1246,47048,1996,1,0,0,5000,50000
1247,33007,1996,6,0,0,5000,0
1248,39046,1996,1,0,0,5000,0
1249,47031,1996,2,0,0,5000,0
1250,48123,1996,2,0,0,5000,0
1251,39169,1996,8,0,0,5000,0
1252,48135,1996,1,0,0,5000,0
1253,48137,1996,5,0,1,5000,0
1254,47019,1996,2,0,0,5000,50000
1255,20095,1996,1,0,0,5000,0
1256,48239,1996,1,0,0,5000,0
1257,40021,1996,2,0,4,5000,0
1258,48313,1996,1,0,0,5000,0
1259,42051,1996,11,0,0,6000,0
1260,21105,1996,2,0,0,6000,0
1261,48497,1996,5,0,0,6000,0
1262,18115,1996,2,0,0,6000,0
1263,47001,1996,3,0,0,7000,50000
1264,39111,1996,5,0,1,7000,0
1265,21039,1996,1,0,0,7000,0
1266,39021,1996,3,0,0,7000,0
1267,40121,1996,5,0,0,7000,0
1268,36121,1996,1,0,0,8000,0
1269,39113,1996,2,0,0,8000,0
1270,21075,1996,2,0,0,8000,0
1271,21133,1996,3,0,0,8000,0
1272,21145,1996,3,0,0,8000,0
1273,36093,1996,1,0,0,8000,0
1274,18047,1996,3,0,0,8000,0
1275,54093,1996,7,0,0,8000,0
1276,26159,1996,1,0,0,8000,0
1277,54077,1996,7,0,0,8000,0
1278,48019,1996,2,0,0,8000,0
1279,20141,1996,2,0,0,8000,2000
1280,99009,1996,6,0,0,9000,0
1281,40135,1996,5,0,0,10000,0
1282,39067,1996,3,0,0,10000,0
1283,39019,1996,4,0,0,10000,0
1284,39123,1996,3,0,0,10000,0
1285,01049,1996,1,0,0,10000,0
1286,40113,1996,4,1,0,10000,0
1287,38077,1996,1,0,0,10000,10000
1288,39143,1996,2,0,0,10000,0
1289,18058,1996,3,0,0,10000,0
1290,33001,1996,3,0,0,10000,0
1291,20027,1996,2,0,0,10000,30000
1292,39036,1996,9,0,0,10000,0
1293,02006,1996,1,0,0,10000,0
1294,39024,1996,1,0,0,10000,0
1295,32029,1996,1,0,0,10000,0
1296,21030,1996,5,0,0,10000,0
1297,99011,1996,12,0,0,10000,0
1298,01051,1996,1,0,0,10000,0
1299,55117,1996,1,0,0,10000,0
1300,18155,1996,2,0,0,10000,0
1301,21051,1996,1,0,0,10000,0
1302,48085,1996,2,0,0,10000,0
1303,21147,1996,2,0,0,10000,0
1304,12036,1996,1,0,0,10000,0
1305,21191,1996,2,0,0,10000,0
1306,22055,1996,1,0,0,10000,0
1307,45063,1996,1,0,0,10000,0
1308,31007,1996,1,0,0,10000,100000
1309,27077,1996,1,0,0,10000,0
1310,22045,1996,1,0,0,10000,0
1311,54040,1996,2,0,0,10000,0
1312,21161,1996,2,0,0,10000,0
1313,21173,1996,2,1,1,10000,0
1314,48265,1996,2,2,0,10000,0
1315,48255,1996,2,0,0,10000,0
1316,31087,1996,1,0,0,10000,0
1317,48177,1996,1,0,0,10000,0
1318,47017,1996,1,0,0,10000,0
1319,13057,1996,1,0,0,10000,0
1320,21235,1996,1,0,0,10000,0
1321,48507,1996,2,0,0,10000,0
1322,30008,1996,3,0,0,10000,0
1323,13077,1996,1,0,0,10000,0
1324,51034,1996,4,0,0,10000,0
1325,21063,1996,1,0,0,10000,0
1326,24018,1996,1,0,0,10000,0
1327,47053,1996,2,0,0,10000,0
1328,17147,1996,1,0,0,10000,0
1329,47103,1996,2,0,0,10000,0
1330,21095,1996,2,0,0,10000,0
1331,26075,1996,1,0,0,10000,0
1332,29015,1996,3,0,2,10000,0
1333,21121,1996,1,0,0,10000,0
1334,16073,1996,5,0,0,10000,0
1335,48029,1996,1,0,0,10000,0
1336,12053,1996,2,0,0,10000,0
1337,26081,1996,3,0,0,10000,0
1338,22099,1996,1,0,0,10000,0
1339,51810,1996,3,0,0,10000,0
1340,12121,1996,1,0,0,11000,0
1341,39071,1996,4,0,0,11000,0
1342,48491,1996,3,0,0,11000,0
1343,48465,1996,4,0,0,11000,0
1344,18041,1996,3,0,0,11000,0
1345,13127,1996,1,0,0,12000,0
1346,39049,1996,4,0,0,12000,0
1347,51177,1996,2,0,0,13000,0
1348,21077,1996,3,0,0,13000,0
1349,39167,1996,3,0,0,13000,0
1350,39061,1996,6,0,0,13000,0
1351,47047,1996,3,0,0,13000,0
1352,08103,1996,2,0,0,14000,0
1353,39005,1996,5,0,0,14000,20000
1354,39165,1996,3,0,0,15000,0
1355,54030,1996,1,0,0,15000,0
1356,39070,1996,2,0,0,15000,0
1357,48015,1996,1,0,0,15000,0
1358,37171,1996,6,0,0,15000,0
1359,54028,1996,1,0,0,15000,0
1360,54019,1996,2,0,0,15000,0
1361,40101,1996,3,0,0,15000,0
1362,21131,1996,1,0,0,15000,0
1363,01131,1996,1,0,0,15000,0
1364,50023,1996,1,0,0,15000,0
1365,29131,1996,4,0,0,15000,0
1366,01099,1996,1,0,0,15000,0
1367,01089,1996,1,0,0,15000,0
1368,29097,1996,4,0,0,15000,0
1369,39141,1996,2,0,1,15000,0
1370,48225,1996,2,0,0,15000,0
1371,13039,1996,1,0,0,15000,0
1372,39155,1996,7,0,0,15000,0
1373,39080,1996,2,0,0,15000,0
1374,01025,1996,1,0,0,15000,0
1375,01017,1996,1,0,0,15000,2000
1376,12101,1996,3,0,0,15000,0
1377,54107,1996,3,0,0,17000,0
1378,01083,1996,1,0,0,18000,0
1379,01001,1996,2,0,0,18000,0
1380,36075,1996,7,0,0,18000,0
1381,12109,1996,1,0,0,20000,0
1382,13123,1996,1,0,0,20000,0
1383,21187,1996,1,0,0,20000,0
1384,37006,1996,5,0,0,20000,30000
1385,29186,1996,2,2,2,20000,0
1386,18003,1996,1,0,0,20000,10000
1387,47163,1996,6,0,0,20000,0
1388,18082,1996,2,0,0,20000,0
1389,12063,1996,1,0,0,20000,0
1390,54091,1996,2,0,0,20000,0
1391,22001,1996,2,0,0,20000,0
1392,12009,1996,1,0,0,20000,0
1393,48216,1996,1,1,0,20000,0
1394,54044,1996,3,0,0,20000,0
1395,22033,1996,1,0,0,20000,0
1396,13311,1996,1,0,0,20000,0
1397,21045,1996,5,0,0,20000,3000000
1398,27101,1996,1,0,0,20000,0
1399,16001,1996,3,0,0,20000,0
1400,21090,1996,1,0,0,20000,0
1401,21091,1996,2,0,0,20000,0
1402,21092,1996,2,0,0,20000,0
1403,21093,1996,2,0,0,20000,0
1404,20041,1996,2,0,0,20000,40000
1405,42053,1996,4,0,0,20000,0
1406,21096,1996,1,0,0,20000,0
1407,39175,1996,4,0,0,20000,0
1408,21097,1996,2,0,0,20000,0
1409,21100,1996,1,0,0,20000,0
1410,21071,1996,3,0,0,20000,0
1411,21103,1996,2,0,0,20000,0
1412,29017,1996,3,0,0,20000,0
1413,37081,1996,5,0,0,20000,0
1414,37063,1996,4,0,0,20000,0
1415,27135,1996,2,0,0,20000,0
1416,21099,1996,1,0,0,20000,0
1417,22103,1996,3,0,0,20000,0
1418,17092,1996,9,0,0,20000,20000
1419,06015,1996,1,0,0,20000,0
1420,48463,1996,4,0,0,20000,0
1421,49041,1996,1,0,0,20000,0
1422,50004,1996,1,0,0,20000,0
1423,50021,1996,2,0,0,20000,0
1424,29125,1996,2,0,0,20000,5000
1425,48407,1996,2,0,0,20000,0
1426,22101,1996,2,0,0,20000,0
1427,48321,1996,2,0,0,20000,0
1428,35059,1996,1,0,0,20000,0
1429,39034,1996,1,0,0,20000,0
1430,51035,1996,6,0,0,20000,0
1431,22019,1996,2,0,0,21000,0
1432,42125,1996,6,0,0,21000,0
1433,39127,1996,3,0,0,22000,0
1434,31073,1996,1,0,0,23000,0
1435,99007,1996,7,0,0,24000,0
1436,06099,1996,2,0,0,25000,0
1437,21033,1996,1,0,0,25000,0
1438,47157,1996,2,0,0,25000,0
1439,12103,1996,8,0,0,25000,0
1440,54032,1996,2,0,0,25000,0
1441,45019,1996,3,0,0,25000,0
1442,17081,1996,4,0,0,25000,0
1443,17009,1996,1,0,0,25000,0
1444,21007,1996,5,0,0,25000,0
1445,45007,1996,3,0,0,25000,0
1446,48435,1996,1,0,0,25000,0
1447,35045,1996,1,0,0,25000,0
1448,56051,1996,1,0,0,25000,0
1449,48291,1996,1,0,0,25000,0
1450,22053,1996,1,0,0,25000,0
1451,48295,1996,1,0,0,25000,0
1452,22015,1996,3,0,0,25000,0
1453,48223,1996,4,0,0,25000,0
1454,48339,1996,1,0,0,25000,0
1455,48133,1996,5,0,0,25000,0
1456,20061,1996,2,0,0,25000,60000
1457,48049,1996,2,0,0,25000,0
1458,01079,1996,1,0,0,25000,0
1459,29141,1996,5,0,1,26000,0
1460,21041,1996,3,0,0,28000,0
1461,48385,1996,8,0,0,28000,0
1462,99003,1996,6,0,3,30000,0
1463,29105,1996,2,0,0,30000,0
1464,48121,1996,8,0,3,30000,0
1465,39014,1996,2,0,0,30000,0
1466,20127,1996,3,0,1,30000,40000
1467,18033,1996,2,0,1,30000,125000
1468,18137,1996,3,0,0,30000,0
1469,54017,1996,2,0,0,30000,0
1470,18147,1996,3,0,0,30000,0
1471,21013,1996,2,0,0,30000,0
1472,08053,1996,1,0,0,30000,0
1473,01043,1996,1,1,0,30000,5000
1474,18151,1996,2,0,0,30000,10000
1475,39033,1996,4,0,0,30000,0
1476,36089,1996,1,0,0,30000,0
1477,24033,1996,6,0,0,30000,0
1478,02019,1996,1,0,0,30000,0
1479,48013,1996,2,0,0,30000,0
1480,48167,1996,2,0,0,30000,0
1481,37053,1996,2,0,0,30000,0
1482,21004,1996,5,0,0,30000,0
1483,13111,1996,2,0,0,31000,0
1484,12113,1996,2,0,0,31000,0
1485,01007,1996,2,0,0,32000,0
1486,23028,1996,2,0,0,33000,0
1487,23019,1996,5,0,0,33000,0
1488,23002,1996,3,4,0,33000,0
1489,23027,1996,3,0,0,33000,0
1490,35001,1996,3,0,0,35000,5000
1491,39009,1996,11,0,0,35000,0
1492,12033,1996,1,0,0,35000,0
1493,21135,1996,2,0,0,35000,0
1494,39007,1996,9,0,0,35000,0
1495,36003,1996,2,0,0,35000,0
1496,39145,1996,5,0,0,35000,0
1497,18029,1996,5,0,0,37000,0
1498,39001,1996,4,0,0,37000,0
1499,16003,1996,2,0,0,40000,0
1500,39082,1996,4,0,0,40000,0
1501,35027,1996,2,0,1,40000,0
1502,49003,1996,1,8,0,40000,0
1503,26002,1996,1,0,0,40000,0
1504,36037,1996,1,0,0,40000,0
1505,50006,1996,2,0,0,40000,0
1506,37005,1996,4,0,0,40000,70000
1507,26004,1996,1,0,0,41700,0
1508,39025,1996,5,0,0,42000,0
1509,48453,1996,3,0,0,43000,0
1510,01077,1996,3,0,0,45000,0
1511,01121,1996,2,1,0,45000,15000
1512,50007,1996,3,1,0,45000,0
1513,12065,1996,2,0,0,45000,0
1514,39064,1996,3,0,0,45000,0
1515,39073,1996,4,0,0,45000,0
1516,56021,1996,3,0,0,50000,0
1517,08125,1996,2,0,0,50000,0
1518,48373,1996,1,0,0,50000,0
1519,08067,1996,1,0,0,50000,0
1520,48413,1996,1,0,0,50000,0
1521,48327,1996,1,0,0,50000,0
1522,48319,1996,1,0,0,50000,0
1523,17047,1996,2,0,0,50000,40000
1524,29023,1996,6,0,0,50000,0
1525,20199,1996,1,0,0,50000,0
1526,12019,1996,2,0,0,50000,0
1527,48192,1996,1,0,0,50000,10000
1528,54095,1996,4,0,0,50000,0
1529,48071,1996,3,0,0,50000,0
1530,04015,1996,3,0,0,50000,0
1531,19049,1996,3,0,0,50000,0
1532,21205,1996,3,0,0,50000,0
1533,47109,1996,1,0,0,50000,0
1534,36115,1996,1,0,0,50000,0
1535,17185,1996,3,0,0,50000,20000
1536,21159,1996,1,0,0,50000,0
1537,37013,1996,3,0,0,50000,0
1538,19099,1996,2,0,0,50000,0
1539,42060,1996,8,0,0,50000,0
1540,39031,1996,5,0,0,50000,0
1541,19175,1996,1,0,0,50000,0
1542,19125,1996,1,0,0,50000,0
1543,54006,1996,1,0,0,50000,0
1544,51161,1996,5,0,0,50000,0
1545,19157,1996,1,0,0,50000,0
1546,55133,1996,1,0,0,50000,0
1547,19173,1996,1,0,0,50000,0
1548,49037,1996,2,0,1,50000,0
1549,09005,1996,9,0,0,54000,0
1550,54029,1996,4,0,0,55000,0
1551,39023,1996,6,0,0,58000,0
1552,39055,1996,7,0,0,59000,0
1553,51155,1996,3,0,0,60000,0
1554,39043,1996,4,0,0,60000,0
1555,48285,1996,2,0,0,60000,10000
1556,51197,1996,1,0,0,60000,0
1557,42059,1996,7,0,0,60000,0
1558,42073,1996,10,0,0,62000,0
1559,54081,1996,3,0,0,63000,0
1560,06019,1996,6,0,0,65000,50000
1561,29189,1996,2,0,1,65000,0
1562,23006,1996,2,0,0,66000,0
1563,23015,1996,2,0,0,66000,0
1564,23014,1996,8,0,0,66000,0
1565,23026,1996,5,0,0,66000,0
1566,23022,1996,2,0,0,66000,0
1567,37189,1996,3,0,0,70000,0
1568,36009,1996,3,0,0,71000,0
1569,23013,1996,4,2,0,71000,0
1570,39151,1996,14,0,0,74000,8000
1571,19001,1996,1,0,0,75000,50000
1572,48083,1996,1,0,0,75000,0
1573,54051,1996,7,0,0,75000,0
1574,19121,1996,1,0,0,75000,0
1575,39029,1996,8,0,0,75000,0
1576,37041,1996,1,0,0,75000,0
1577,39163,1996,2,0,0,75000,0
1578,39153,1996,10,0,0,75000,0
1579,55066,1996,1,0,0,75000,0
1580,39139,1996,9,0,0,75000,0
1581,21101,1996,4,0,0,78000,0
1582,19009,1996,2,0,0,80000,15000
1583,37133,1996,3,0,0,80000,0
1584,39133,1996,3,0,0,80000,0
1585,39012,1996,2,0,0,80000,0
1586,55056,1996,3,0,0,80000,1000000
1587,23021,1996,9,0,0,81000,0
1588,51079,1996,4,0,0,81000,30000
1589,19151,1996,2,0,0,85000,5000
1590,37009,1996,5,0,0,90000,0
1591,20161,1996,1,0,0,90000,0
1592,48215,1996,1,0,0,90000,0
1593,39103,1996,6,0,0,95000,20000
1594,39013,1996,9,0,0,95000,0
1595,01125,1996,3,0,0,95000,0
1596,20197,1996,1,0,1,99000,75000
1597,23009,1996,4,0,0,99000,0
1598,23011,1996,3,0,0,99000,0
1599,23010,1996,5,0,0,99000,0
1600,23008,1996,3,1,0,99000,0
1601,49017,1996,1,0,0,100000,0
1602,06071,1996,2,0,0,100000,0
1603,38017,1996,1,0,0,100000,0
1604,48367,1996,6,0,0,100000,0
1605,48417,1996,2,0,0,100000,100000
1606,17191,1996,2,0,0,100000,0
1607,32004,1996,1,0,0,100000,0
1608,08083,1996,1,0,0,100000,0
1609,54008,1996,1,0,0,100000,0
1610,46127,1996,1,0,0,100000,0
1611,49007,1996,1,0,0,100000,0
1612,51055,1996,2,0,0,100000,0
1613,38035,1996,1,0,0,100000,0
1614,12024,1996,1,0,0,100000,0
1615,48139,1996,3,0,0,100000,0
1616,51056,1996,2,0,0,100000,0
1617,48214,1996,1,0,0,100000,0
1618,18075,1996,1,0,0,100000,0
1619,21223,1996,1,0,0,100000,0
1620,18085,1996,5,0,0,100000,50000
1621,06017,1996,2,0,0,100000,0
1622,48219,1996,1,0,0,100000,1000000
1623,36069,1996,6,0,0,100000,0
1624,48236,1996,1,0,0,100000,0
1625,18080,1996,1,0,0,100000,0
1626,29076,1996,3,0,0,100000,0
1627,48172,1996,1,0,0,100000,50000
1628,19094,1996,4,0,0,100000,0
1629,20087,1996,3,0,0,100000,100000
1630,37102,1996,1,0,0,100000,0
1631,45069,1996,1,0,1,100000,0
1632,28047,1996,3,0,0,100000,0
1633,37047,1996,7,0,0,100000,200000
1634,20111,1996,1,0,0,100000,10000
1635,42016,1996,1,0,0,100000,0
1636,45043,1996,3,0,0,100000,0
1637,37147,1996,2,0,0,100000,0
1638,31017,1996,2,0,0,100000,250000
1639,37044,1996,4,0,0,100000,0
1640,55072,1996,4,0,0,100000,0
1641,28059,1996,2,0,0,100000,0
1642,55058,1996,1,0,0,100000,11000000
1643,42070,1996,12,0,0,100000,0
1644,32510,1996,1,0,0,100000,0
1645,17065,1996,4,0,0,100000,40000
1646,56031,1996,3,0,0,102000,0
1647,24037,1996,2,0,0,105000,0
1648,24027,1996,8,0,0,110000,0
1649,29157,1996,4,1,1,110000,0
1650,27089,1996,2,0,0,110000,0
1651,32003,1996,3,1,0,110000,0
1652,42085,1996,6,0,0,113000,0
1653,23007,1996,5,0,0,114000,0
1654,19181,1996,2,0,0,115000,0
1655,50008,1996,3,0,0,115000,0
1656,48439,1996,17,0,1,118000,0
1657,22023,1996,2,0,0,120000,0
1658,51042,1996,2,0,0,120000,10000
1659,39069,1996,2,0,0,120000,0
1660,37193,1996,3,0,0,120000,0
1661,48309,1996,7,0,1,120000,0
1662,19029,1996,3,0,0,125000,50000
1663,36026,1996,2,0,0,125000,0
1664,26010,1996,1,0,0,130000,0
1665,51003,1996,3,0,1,130000,900000
1666,20177,1996,8,0,0,130000,50000
1667,55027,1996,2,0,0,130000,1000000
1668,50003,1996,5,0,0,131000,0
1669,50009,1996,3,0,0,135000,0
1670,55052,1996,2,0,0,135000,15700000
1671,50001,1996,8,0,0,140000,0
1672,12081,1996,6,0,0,143000,0
1673,24025,1996,4,0,0,147000,0
1674,35049,1996,3,0,0,150000,10000
1675,17087,1996,8,0,0,150000,0
1676,26059,1996,2,0,0,150000,0
1677,48399,1996,2,0,0,150000,200000
1678,55021,1996,2,0,0,150000,0
1679,48267,1996,2,0,0,150000,0
1680,36012,1996,1,0,0,150000,0
1681,51021,1996,3,0,0,151000,0
1682,21193,1996,2,0,0,153000,0
1683,36030,1996,3,0,0,155000,0
1684,54099,1996,2,0,0,170000,0
1685,25003,1996,6,0,0,170000,0
1686,01073,1996,5,0,0,172000,0
1687,13049,1996,2,0,0,175000,0
1688,17084,1996,6,0,0,180000,30000
1689,51024,1996,3,0,0,180000,0
1690,36117,1996,5,0,0,185000,0
1691,54079,1996,3,0,0,190000,0
1692,19025,1996,3,0,0,190000,25000
1693,55105,1996,2,0,0,190000,2000000
1694,50011,1996,4,0,0,190000,0
1695,24031,1996,13,1,0,195000,5000
1696,21217,1996,1,0,0,200000,500000
1697,01117,1996,1,0,0,200000,25000
1698,17019,1996,1,0,0,200000,0
1699,30003,1996,2,0,0,200000,0
1700,19032,1996,1,0,0,200000,500000
1701,54103,1996,6,0,0,200000,0
1702,37089,1996,2,1,0,200000,0
1703,25013,1996,9,0,0,200000,0
1704,36113,1996,1,0,0,200000,0
1705,34008,1996,12,0,1,200000,0
1706,19012,1996,1,0,0,200000,500000
1707,51045,1996,6,0,0,200000,20000
1708,51038,1996,2,0,0,200000,50000
1709,26139,1996,2,1,0,200000,0
1710,54010,1996,1,0,0,200000,0
1711,19079,1996,1,0,0,200000,100000
1712,08085,1996,1,0,0,200000,0
1713,19083,1996,4,0,0,200000,100000
1714,47131,1996,1,0,0,200000,0
1715,54087,1996,1,0,0,200000,0
1716,17059,1996,3,0,0,200000,0
1717,45051,1996,3,0,0,200000,0
1718,45041,1996,1,0,0,200000,0
1719,55070,1996,1,0,0,200000,24000000
1720,41005,1996,2,0,0,200000,0
1721,37119,1996,4,0,0,200000,0
1722,01024,1996,1,0,0,200000,0
1723,19021,1996,1,0,0,200000,500000
1724,01003,1996,2,0,0,202000,0
1725,48171,1996,5,2,0,203000,20000
1726,54009,1996,5,0,0,215000,0
1727,47015,1996,5,0,0,216000,10000
1728,17145,1996,1,0,0,220000,0
1729,24510,1996,4,0,0,225000,0
1730,51047,1996,6,0,0,240000,200000
1731,51185,1996,4,0,0,240000,0
1732,36008,1996,2,0,0,245000,0
1733,51137,1996,4,0,0,245000,350000
1734,46093,1996,1,0,0,250000,10000
1735,51061,1996,6,0,0,250000,20000
1736,48238,1996,1,0,0,250000,0
1737,32017,1996,2,0,0,250000,0
1738,50010,1996,1,0,0,250000,0
1739,39086,1996,1,0,0,250000,0
1740,10003,1996,21,0,0,250000,0
1741,51077,1996,1,0,0,250000,0
1742,51099,1996,1,0,0,250000,0
1743,55103,1996,1,0,0,250000,200000
1744,34010,1996,11,0,0,250000,0
1745,48457,1996,1,0,0,250000,0
1746,48451,1996,5,0,0,250000,0
1747,55123,1996,1,0,0,250000,250000
1748,37033,1996,3,0,0,250000,700000
1749,17101,1996,2,0,0,250000,0
1750,21189,1996,1,0,0,250000,0
1751,55064,1996,1,0,0,250000,8000000
1752,12089,1996,1,0,0,250000,0
1753,17169,1996,1,0,0,250000,0
1754,54005,1996,3,0,0,255000,0
1755,51009,1996,2,0,0,260000,0
1756,54027,1996,3,0,0,265000,150000
1757,36055,1996,7,0,0,265000,0
1758,54043,1996,6,0,0,265000,0
1759,36039,1996,5,0,0,270000,0
1760,39105,1996,5,0,0,277000,0
1761,42005,1996,6,0,0,278000,0
1762,31065,1996,3,0,0,280000,15000
1763,18173,1996,3,1,0,280000,0
1764,50027,1996,3,0,0,280000,0
1765,54063,1996,2,0,0,280000,0
1766,36095,1996,5,0,0,285000,0
1767,54021,1996,2,0,0,290000,0
1768,39035,1996,13,0,0,292000,0
1769,51179,1996,4,0,0,295000,0
1770,19020,1996,1,0,0,300000,1000000
1771,27137,1996,1,0,0,300000,0
1772,01097,1996,1,0,0,300000,0
1773,31033,1996,2,0,0,300000,530000
1774,54109,1996,1,0,0,300000,0
1775,50014,1996,2,0,0,300000,0
1776,10001,1996,7,0,0,300000,0
1777,37157,1996,2,0,0,300000,300000
1778,39099,1996,4,0,0,300000,0
1779,54059,1996,1,0,0,300000,0
1780,54038,1996,1,0,0,300000,0
1781,51019,1996,3,0,0,300000,100000
1782,51157,1996,6,0,0,322000,20000
1783,50013,1996,6,0,0,328000,0
1784,17077,1996,4,0,0,330000,20000
1785,54067,1996,3,0,0,353000,0
1786,54061,1996,7,0,0,355000,0
1787,54015,1996,2,0,0,360000,0
1788,51051,1996,5,0,4,360000,600000
1789,51071,1996,5,0,0,380000,0
1790,24005,1996,9,0,2,380000,0
1791,36083,1996,5,0,0,390000,40000
1792,19161,1996,6,0,0,395000,50000
1793,55071,1996,3,0,0,400000,17000000
1794,36027,1996,8,0,0,400000,0
1795,19031,1996,1,0,0,400000,1000000
1796,54037,1996,3,0,0,400000,50000
1797,51173,1996,2,0,0,400000,0
1798,31097,1996,4,0,0,400000,1580000
1799,51050,1996,2,0,0,400000,700000
1800,13245,1996,1,0,0,400000,0
1801,51059,1996,10,0,0,400000,45000
1802,19015,1996,1,0,0,400000,100000
1803,54039,1996,7,0,0,410000,0
1804,12062,1996,2,0,0,410000,0
1805,54033,1996,5,0,0,413000,0
1806,21127,1996,2,0,0,415000,100000
1807,36001,1996,4,0,0,420000,0
1808,54025,1996,3,0,0,430000,0
1809,50002,1996,4,0,2,435000,0
1810,23012,1996,4,0,0,436000,0
1811,53047,1996,2,0,0,440000,0
1812,39041,1996,2,0,0,443000,0
1813,36111,1996,5,1,0,452000,0
1814,51113,1996,5,0,0,460000,700000
1815,39093,1996,15,0,0,476000,95000
1816,12078,1996,1,0,0,500000,0
1817,36010,1996,1,0,0,500000,0
1818,51040,1996,2,0,0,500000,20000
1819,26125,1996,1,0,1,500000,0
1820,51054,1996,3,0,0,500000,0
1821,18163,1996,4,0,0,500000,0
1822,51067,1996,3,0,0,500000,100000
1823,18084,1996,4,0,0,500000,0
1824,18076,1996,1,0,0,500000,0
1825,18077,1996,6,0,0,500000,0
1826,17027,1996,2,0,0,500000,0
1827,21021,1996,1,0,0,500000,400000
1828,21137,1996,1,0,0,500000,500000
1829,48183,1996,2,0,0,500000,0
1830,55051,1996,1,0,0,500000,2000000
1831,12001,1996,1,0,0,500000,0
1832,39076,1996,1,0,0,500000,0
1833,51013,1996,4,0,0,503000,0
1834,25001,1996,7,0,0,503000,0
1835,55065,1996,2,0,0,505000,1100000
1836,39079,1996,3,0,0,510000,0
1837,21153,1996,2,0,0,510000,0
1838,12031,1996,3,0,0,515000,0
1839,42129,1996,9,0,0,516000,0
1840,18066,1996,4,0,0,520000,0
1841,55059,1996,3,0,0,520000,2500000
1842,54057,1996,4,0,0,520000,50000
1843,08059,1996,3,0,2,520000,0
1844,36013,1996,10,0,0,521000,0
1845,19059,1996,7,0,0,525000,600000
1846,31051,1996,2,0,0,530000,0
1847,19153,1996,3,0,0,530000,50000
1848,21043,1996,9,0,1,535000,0
1849,54012,1996,1,0,0,540000,0
1850,19075,1996,6,0,0,550000,1000000
1851,54097,1996,6,0,0,550000,0
1852,55055,1996,2,1,0,550000,0
1853,31161,1996,2,0,0,550000,0
1854,48235,1996,2,0,0,550000,0
1855,18125,1996,4,0,0,550000,0
1856,48357,1996,4,0,0,550000,0
1857,09001,1996,21,0,0,580000,0
1858,23020,1996,4,0,0,586000,0
1859,19027,1996,4,0,0,595000,280000
1860,23025,1996,7,0,0,596000,0
1861,19123,1996,3,0,0,600000,0
1862,18074,1996,2,0,0,600000,0
1863,17193,1996,3,0,0,600000,0
1864,36099,1996,3,0,0,603000,0
1865,12003,1996,2,0,0,605000,0
1866,31131,1996,3,0,0,620000,5990000
1867,51121,1996,7,0,0,630000,0
1868,31127,1996,3,0,0,680000,2100000
1869,51153,1996,4,0,0,683000,50000
1870,30004,1996,1,0,0,700000,0
1871,04019,1996,20,2,0,700000,0
1872,48441,1996,3,0,0,700000,0
1873,23024,1996,5,1,0,703000,0
1874,36057,1996,6,0,0,705000,0
1875,39085,1996,10,0,0,720000,0
1876,50005,1996,4,0,0,720000,0
1877,36033,1996,4,0,0,735000,0
1878,54065,1996,2,0,1,750000,25000
1879,19097,1996,3,0,0,750000,225000
1880,39125,1996,1,0,0,750000,0
1881,51089,1996,5,0,0,780000,0
1882,34009,1996,11,1,0,800000,0
1883,26151,1996,1,0,0,800000,0
1884,26012,1996,1,0,0,800000,0
1885,15003,1996,16,0,0,800000,20000
1886,39053,1996,3,0,0,800000,0
1887,18129,1996,2,0,0,800000,0
1888,26013,1996,1,0,0,800000,0
1889,18051,1996,8,0,1,810000,0
1890,55111,1996,5,0,0,820000,50000
1891,23023,1996,4,0,0,820000,0
1892,08043,1996,7,0,0,840000,0
1893,54002,1996,1,0,0,850000,0
1894,12039,1996,1,0,0,910000,0
1895,50012,1996,5,0,0,925000,0
1896,54101,1996,6,0,0,937000,0
1897,39050,1996,1,0,0,960000,0
1898,54023,1996,10,0,1,993000,25000
1899,19193,1996,1,0,0,1000000,0
1900,51043,1996,2,0,0,1000000,400000
1901,13097,1996,1,0,0,1000000,0
1902,36032,1996,2,0,0,1000000,0
1903,17063,1996,2,0,0,1000000,16000000
1904,33009,1996,4,0,1,1000000,0
1905,26054,1996,4,0,0,1000000,0
1906,42067,1996,17,0,4,1000000,0
1907,51039,1996,2,0,0,1000000,2000000
1908,17129,1996,1,0,0,1000000,0
1909,39045,1996,1,0,0,1000000,0
1910,26145,1996,1,0,0,1000000,0
1911,33019,1996,1,0,0,1000000,0
1912,34025,1996,19,0,0,1000000,0
1913,35051,1996,2,0,0,1000000,0
1914,34019,1996,14,0,0,1000000,0
1915,37090,1996,3,0,0,1000000,1000000
1916,51011,1996,4,0,0,1000000,100000
1917,26111,1996,1,0,0,1000000,0
1918,55069,1996,1,0,0,1000000,17500000
1919,34027,1996,3,0,0,1000000,0
1920,31012,1996,1,0,0,1000000,0
1921,02024,1996,1,0,0,1000000,0
1922,51125,1996,2,0,0,1000000,50000
1923,42061,1996,18,1,0,1000000,0
1924,19048,1996,3,0,0,1000000,500000
1925,39015,1996,3,0,0,1009000,0
1926,39078,1996,5,0,0,1035000,0
1927,39088,1996,4,0,0,1035000,0
1928,21195,1996,3,0,0,1053000,0
1929,21079,1996,2,0,0,1070000,1200000
1930,51041,1996,3,0,0,1070000,60000
1931,13051,1996,2,2,0,1075000,0
1932,39087,1996,7,0,0,1090000,100000
1933,15001,1996,14,0,0,1100000,150000
1934,54011,1996,5,0,1,1110000,0
1935,51091,1996,4,0,1,1120000,50000
1936,23017,1996,1,0,0,1140000,0
1937,50025,1996,4,0,0,1164000,0
1938,51139,1996,3,0,0,1200000,1400000
1939,12042,1996,1,0,0,1200000,0
1940,51037,1996,1,0,0,1200000,300000
1941,36021,1996,4,0,0,1225000,0
1942,54075,1996,8,0,0,1225000,0
1943,48237,1996,4,0,0,1250000,0
1944,51107,1996,5,0,0,1258000,170000
1945,42019,1996,9,0,0,1305000,0
1946,36034,1996,6,0,0,1325000,0
1947,30005,1996,3,0,0,1333400,0
1948,54047,1996,4,0,0,1400000,0
1949,42029,1996,12,0,0,1405000,0
1950,24013,1996,6,0,0,1430000,0
1951,19169,1996,1,0,0,1500000,100000
1952,17093,1996,8,0,0,1500000,0
1953,09009,1996,17,0,0,1500000,0
1954,54048,1996,2,0,0,1500000,50000
1955,31043,1996,2,0,0,1500000,500000
1956,17199,1996,5,0,0,1500000,50000
1957,17078,1996,3,0,0,1500000,0
1958,19043,1996,1,0,0,1500000,27000000
1959,48201,1996,2,0,0,1510000,0
1960,31109,1996,3,0,0,1560000,0
1961,36011,1996,6,0,1,1577000,0
1962,24017,1996,2,0,0,1600000,5000
1963,54004,1996,1,0,0,1650000,0
1964,54007,1996,4,0,0,1660000,0
1965,31044,1996,2,0,0,1700000,8850000
1966,10004,1996,10,0,0,1750000,0
1967,36035,1996,12,0,0,1751000,0
1968,39081,1996,5,0,0,1775000,0
1969,54041,1996,11,0,0,1798000,0
1970,25011,1996,9,0,0,1800000,0
1971,33017,1996,1,0,0,1800000,0
1972,42021,1996,15,0,0,1877000,0
1973,08101,1996,6,5,1,2000000,250000
1974,36052,1996,2,0,0,2000000,0
1975,20045,1996,2,3,0,2000000,200000
1976,54050,1996,2,0,0,2000000,250000
1977,42062,1996,8,0,0,2000000,0
1978,17017,1996,1,0,0,2000000,0
1979,21117,1996,3,0,0,2002000,0
1980,36060,1996,2,0,0,2010000,0
1981,36061,1996,12,0,0,2010000,0
1982,21015,1996,7,0,0,2012000,0
1983,36051,1996,2,0,0,2015000,0
1984,47065,1996,2,0,0,2015000,0
1985,42063,1996,11,0,0,2051000,0
1986,36029,1996,14,0,0,2062000,500000
1987,39077,1996,8,0,0,2063000,0
1988,36028,1996,7,0,0,2085000,0
1989,36097,1996,2,0,0,2100000,0
1990,24043,1996,5,0,0,2165000,35000
1991,51069,1996,7,0,0,2168000,250000
1992,33013,1996,2,0,0,2200000,0
1993,36014,1996,1,0,0,2200000,0
1994,26017,1996,1,0,1,2200000,0
1995,39059,1996,3,0,0,2210000,0
1996,18081,1996,4,0,0,2210000,0
1997,54083,1996,12,0,2,2277000,0
1998,12051,1996,1,0,0,2300000,0
1999,36043,1996,12,0,0,2389000,0
2000,54046,1996,2,0,0,2500000,0
2001,36020,1996,1,0,0,2500000,0
2002,26147,1996,1,0,0,2500000,0
2003,42117,1996,5,0,0,2500000,0
2004,36072,1996,6,0,0,2500000,0
2005,51053,1996,4,0,0,2501000,0
2006,21089,1996,3,0,0,2525000,0
2007,12060,1996,2,0,0,2680000,0
2008,34023,1996,11,1,0,2700000,0
2009,54003,1996,5,0,0,2770000,50000
2010,51023,1996,5,0,0,2800000,0
2011,34014,1996,13,0,0,2800000,0
2012,51031,1996,7,0,0,2890000,1305000
2013,42039,1996,18,0,0,2890000,0
2014,51015,1996,6,0,2,2920000,500000
2015,42071,1996,22,0,0,3000000,0
2016,34003,1996,22,0,0,3000000,0
2017,55063,1996,1,0,0,3000000,10000000
2018,36076,1996,6,0,0,3000000,0
2019,42054,1996,6,0,0,3000000,0
2020,48169,1996,3,0,0,3000000,100000
2021,36042,1996,1,0,0,3000000,0
2022,51044,1996,7,0,0,3000000,1200000
2023,17165,1996,4,0,0,3000000,50000
2024,39171,1996,1,0,0,3000000,200000
2025,36038,1996,4,0,0,3004000,0
2026,21019,1996,2,0,0,3005000,0
2027,24023,1996,12,0,0,3007000,0
2028,36054,1996,4,0,0,3014000,0
2029,36049,1996,4,0,1,3019000,0
2030,54049,1996,5,0,0,3050000,50000
2031,36048,1996,7,0,0,3076000,0
2032,42068,1996,11,0,3,3160000,0
2033,36073,1996,10,0,0,3160000,0
2034,41006,1996,4,0,0,3200000,0
2035,12049,1996,1,0,0,3270000,0
2036,42003,1996,10,0,1,3288000,0
2037,54001,1996,7,0,0,3420000,0
2038,34007,1996,13,0,0,3470000,0
2039,51005,1996,1,0,0,3500000,0
2040,36066,1996,2,0,0,3510000,0
2041,36081,1996,19,21,2,3600000,0
2042,36065,1996,4,0,0,3630000,0
2043,42022,1996,2,0,0,3760000,0
2044,34024,1996,15,0,0,3900000,0
2045,55060,1996,2,0,0,3900000,3000000
2046,51029,1996,3,0,0,3900000,5011000
2047,12048,1996,1,0,0,3930000,0
2048,42030,1996,6,0,0,4005000,0
2049,34039,1996,19,0,0,4300000,0
2050,17043,1996,1,0,0,4400000,0
2051,51163,1996,5,0,0,4405000,0
2052,36053,1996,7,0,0,4518000,0
2053,36107,1996,3,0,0,4540000,0
2054,51143,1996,4,0,1,4950000,600000
2055,33015,1996,2,0,0,4950000,0
2056,12055,1996,2,0,0,4980000,0
2057,42032,1996,3,0,0,5000000,0
2058,49053,1996,2,2,0,5000000,0
2059,34013,1996,23,0,0,5000000,0
2060,41007,1996,2,5,4,5000000,0
2061,06010,1996,1,0,0,5000000,0
2062,37161,1996,2,0,0,5000000,0
2063,48228,1996,1,0,0,5000000,15000000
2064,54054,1996,2,0,0,5000000,100000
2065,48218,1996,1,0,0,5000000,15000000
2066,36050,1996,6,0,0,5033000,0
2067,36041,1996,7,0,0,5042000,0
2068,48203,1996,4,0,0,5100000,10050000
2069,36058,1996,2,0,0,5150000,0
2070,36059,1996,15,0,0,5150000,0
2071,36063,1996,4,0,0,5222000,0
2072,42049,1996,22,0,0,5255000,0
2073,36064,1996,5,0,0,5270000,0
2074,26021,1996,8,0,0,5450000,0
2075,22068,1996,1,0,0,5470000,0
2076,55025,1996,2,0,0,5600000,0
2077,24021,1996,12,0,1,5710000,10000
2078,36023,1996,2,0,0,5720000,0
2079,26087,1996,1,0,0,5800000,0
2080,34001,1996,9,0,0,6000000,0
2081,51058,1996,13,0,0,6050000,4220000
2082,55045,1996,6,1,0,6060000,8500000
2083,36040,1996,8,0,0,6083000,0
2084,54055,1996,6,0,0,6350000,500000
2085,51017,1996,1,0,0,6500000,0
2086,34026,1996,14,2,1,6500000,0
2087,26157,1996,1,0,0,6500000,0
2088,55089,1996,5,0,0,6700000,0
2089,51083,1996,3,0,0,7002000,1000000
2090,18069,1996,5,0,0,7100000,110000
2091,51025,1996,2,0,0,7200000,1600000
2092,24001,1996,3,0,0,7300000,25000
2093,54045,1996,6,0,1,7505000,0
2094,42007,1996,7,0,0,7508000,0
2095,36067,1996,5,0,0,7700000,0
2096,36123,1996,2,0,0,7910000,0
2097,36017,1996,2,0,0,7910000,0
2098,34021,1996,23,0,0,8000000,0
2099,51187,1996,4,0,0,8000000,500000
2100,36077,1996,12,0,0,8449000,0
2101,36105,1996,4,0,0,8760000,0
2102,36007,1996,4,0,0,8925000,0
2103,37091,1996,4,0,0,9000000,24000000
2104,19055,1996,2,0,0,9000000,32000000
2105,42020,1996,2,0,0,9606000,0
2106,36025,1996,4,2,6,9820000,0
2107,42115,1996,1,0,0,9900000,0
2108,25025,1996,7,0,0,10000000,0
2109,06001,1996,9,0,0,10000000,0
2110,11001,1996,9,0,0,10305000,0
2111,54031,1996,7,0,0,10345000,120000
2112,23031,1996,3,0,0,10550000,0
2113,17055,1996,5,0,0,11000000,50000
2114,51165,1996,6,0,0,11060000,2500000
2115,36031,1996,7,0,0,11080000,0
2116,54071,1996,9,0,1,11142000,75000
2117,19047,1996,7,0,0,11345000,355000
2118,51026,1996,2,0,0,12100000,8054000
2119,15002,1996,1,0,0,13500000,1500000
2120,36047,1996,19,0,2,13614000,0
2121,42017,1996,8,0,2,14500000,0
2122,17089,1996,1,0,0,14500000,0
2123,24004,1996,3,0,0,15500000,30000
2124,23005,1996,6,0,1,15696000,0
2125,24003,1996,9,0,0,16945000,20000
2126,42127,1996,2,0,0,17915000,0
2127,36101,1996,3,0,0,18825000,0
2128,36015,1996,3,0,0,19310000,0
2129,24002,1996,2,0,0,19500000,30000
2130,36109,1996,3,0,0,19912000,0
2131,42091,1996,5,0,2,20000000,0
2132,42131,1996,1,0,0,20100000,0
2133,54053,1996,4,0,1,20350000,150000
2134,24009,1996,4,0,0,21000000,150000
2135,42079,1996,3,0,0,21325000,0
2136,51027,1996,7,0,0,21446000,6000000
2137,42015,1996,5,0,0,21775000,0
2138,42103,1996,2,0,0,23000000,0
2139,36019,1996,4,0,0,23045000,0
2140,42069,1996,13,2,1,23525000,0
2141,12050,1996,1,1,0,25020000,0
2142,42055,1996,15,0,0,26000000,0
2143,51171,1996,6,0,0,28300000,1200000
2144,34035,1996,4,0,0,31000000,0
2145,53033,1996,2,0,0,31500000,0
2146,51030,1996,3,1,0,41515000,2011000
2147,16009,1996,2,1,0,44100000,0
2148,17031,1996,4,0,0,44700000,0
2149,41003,1996,2,1,1,45000000,400000
2150,42121,1996,8,0,0,50120000,0
2151,42031,1996,5,1,1,75440000,0
2152,42065,1996,10,0,0,100115000,0
2153,41004,1996,5,0,7,400000000,0
