fips_id,property_damage
48238,14000120000
48213,13000313000
48201,10093291500
48167,10004562000
48157,8003114000
48227,8000644600
48199,7602611000
34026,7545100000
48339,7005974000
34014,5007075000
34013,5007020000
48245,4951655000
48237,3000060000
34020,2505010000
99137,2500030000
22033,2402037000
12033,2150190000
47157,2133402000
48039,2002302000
22063,1920025000
47037,1576050000
22005,1530855000
48361,1509686000
48243,1303747500
22055,1287308000
26163,1101470000
22105,1051130000
48349,1003573500
28143,1002251000
48200,1000000000
12041,846400010
99003,770000500
99011,755018000
19113,752982000
99009,750894000
99001,750760000
99141,750673000
99143,750555500
99029,750500000
99013,750370000
99025,750361000
99027,750340000
99005,750340000
99007,750333000
99021,750273000
99031,750271500
99019,750265000
99033,750263000
99017,750260000
99037,750250000
99035,750026000
99023,750002000
99015,750000000
12050,602475000
48215,601953500
48471,600159000
48177,600010000
12046,558200000
06007,552351000
36007,509117000
47053,509111000
48236,508000000
48244,502242000
34012,501510000
50011,501500000
50019,501124000
12071,500952500
48216,500100000
99113,500030500
48246,500020000
48235,500000000
36107,482784000
48255,430100000
17031,418840000
26125,401000000
12057,371125000
48212,361000000
48407,350037000
48178,350000000
26099,301300000
48214,301000000
48373,300524000
48179,300000000
12068,300000000
08013,297795000
22001,287998000
48247,281422000
48209,262505000
34024,253010000
99045,250610000
18005,250149500
22099,236130000
29189,235102000
19103,233450000
08123,232190000
34027,230970010
12069,228661000
34035,218110010
37127,213425000
48226,202000000
48253,189400000
22041,188469000
06071,181350500
34025,177000010
12165,163140000
12265,163140000
17143,158000000
22053,157731000
12058,157099000
12047,155399000
22045,153270000
29133,151150000
17137,150360000
42043,150010000
48197,150000000
22113,147865000
37191,141740000
48234,140000000
48351,135301000
22019,133493000
37095,127811000
50027,125510000
48453,124600000
22068,121965000
22066,120770000
22058,119425000
26111,118050000
55079,115381500
12045,110100000
08069,109355000
37090,108300000
38101,107931000
12053,105941000
31151,105469000
12142,104957000
26061,103905000
55055,103401000
31109,103089000
34023,102720030
48241,101456000
22061,100910000
34022,100510000
12101,100087000
37051,100072000
12111,97090000
34021,92250010
37099,91057000
22062,90185000
18081,90177250
12127,88173000
48176,87000000
50023,86432000
17099,85504000
18109,80610250
37094,79900000
22097,79684000
26073,77105000
22054,76020000
13121,75894000
22051,75856000
48457,75030000
37083,74530000
37183,74301500
29143,73803000
12038,73000000
12017,72714000
37103,72655000
37081,71349200
12009,70215000
37065,69130000
12052,68990000
54039,67162000
55133,66115000
55123,64542300
97002,63414000
29091,63381000
34019,62425000
48198,62000000
36077,61582500
50021,59919000
22079,58890000
22069,58505000
22011,58263000
06065,57903500
19169,56602000
05119,55734100
19055,54631000
48254,54500000
36009,53680000
37091,53460000
22040,53445000
13057,53380400
17179,53340000
22115,53140000
37098,52520000
55025,52155000
34005,51115010
06109,51000000
25017,50847000
32003,50378100
53033,50340000
18167,50323350
18119,50310050
06059,49590000
36031,48395000
17019,48285000
42131,48180000
42079,47403000
06027,47361000
21111,47146000
24021,45520000
34003,45510000
12134,45334000
34011,45250000
37093,45246000
18021,45215250
26139,45105000
22073,44761500
37080,44260000
54025,41530000
25005,41494000
39153,41150000
10004,41060000
27017,41000000
12054,40877000
37092,40820000
42015,40792000
06023,40781000
05095,40708000
50017,40670000
12059,40608000
17095,40600000
48113,39671000
48427,38548000
12162,38350000
36013,37888000
55111,37481000
47189,37273000
42081,37140000
12044,36889000
55057,36775000
22050,36370000
19153,36108000
33009,36087000
13045,36024000
22039,36000000
18071,35324000
36103,35200000
17203,34955000
06045,34900000
55081,34737000
25023,34633000
48439,34451250
29223,33742000
19105,33600000
24027,32920000
37195,32300000
29213,32200000
22052,32067000
08087,31856000
45079,31696500
44007,31570000
49053,31425000
39093,31421000
37135,30923000
27147,30800000
22029,30673200
36025,30379000
34001,30265000
13067,30125000
06087,29279000
22067,29212000
22072,29200000
08041,28665000
04013,28410000
09003,28389000
05117,28348000
22037,28205000
22101,28153000
05063,28083000
01003,27932000
22023,27801000
05135,27777000
12133,27623000
18089,27620000
22009,27425000
44003,27412000
48303,27027500
55023,26870000
25021,26596000
54059,26588000
54067,26583000
50001,26555500
17167,26450000
55101,26341000
19069,25820000
47141,25815000
48485,25588000
05121,25449000
35027,25295500
13135,25105000
44009,24857000
22017,24735000
37101,24716310
51095,24140000
02211,24005000
19115,23625000
17043,23621000
36067,23556000
25011,23297000
22091,23275000
17063,23135000
06029,22793000
05145,22582200
38015,22433000
37153,21870000
45075,21575700
47167,21320000
37046,21180000
37151,21080000
25009,21073000
55031,21000000
41005,20849000
48469,20800000
55043,20790500
13097,20729000
51550,20725000
17115,20475000
17057,20435000
18027,20366000
12155,20355000
18055,20311350
48031,20000000
09004,20000000
48195,20000000
09002,20000000
39035,19978000
21043,19908000
45051,19477000
45019,19474250
12043,19472000
55139,19429000
05075,19084000
53047,19050510
51710,19020000
51680,19005000
22035,18907000
55059,18650000
05065,18605000
17097,18520000
12077,18426000
18083,18393750
36105,18367000
27055,18363000
36029,18257000
27157,18242000
29209,18215000
54015,17740000
37085,17715000
55021,17293260
22070,17230000
17165,17160000
18127,17081000
36065,16935000
04005,16880000
45063,16774700
28151,16652500
12113,16603000
42003,16488600
56013,16395000
12078,16372000
42037,16310000
34041,16300000
22077,16170000
26077,16150000
53037,16150000
39087,16132000
25019,16034000
16013,15966000
05083,15900000
29215,15860000
22107,15775000
19061,15704000
17123,15650000
12168,15645000
34033,15610000
17085,15595000
02203,15504500
36033,15445000
08121,15255000
18153,15160500
18093,15160000
02216,15025000
48196,15000000
45024,15000000
12131,14965000
04015,14866100
42091,14860000
29225,14844000
39063,14555000
51094,14310000
36113,14303000
47133,14265000
29169,14230000
13055,14167000
50005,14160000
36123,14119000
47033,14085000
53063,14059000
48043,14002000
17175,14000000
29023,13914000
48055,13900000
19071,13857000
02145,13850000
29119,13835000
19155,13613000
34037,13520000
19043,13501000
18015,13463000
21145,13451000
36019,13391000
45041,13279000
47161,13266000
22060,13254000
02220,13018300
42049,12853500
48208,12850000
02224,12819000
51089,12818080
39095,12801000
38059,12793000
05125,12760000
19013,12720000
42129,12689000
47021,12612000
37125,12545000
54109,12485000
47113,12417000
37163,12280000
05069,12253000
55121,12237040
19005,12145000
23003,12097000
50007,12078000
17015,12016000
37119,12014000
31055,11864000
05097,11864000
33007,11744000
34015,11675260
26005,11617000
22049,11604000
49035,11585000
29035,11560000
19065,11477000
25025,11468000
37063,11445000
48375,11386000
29009,11380000
34007,11345000
35043,11299000
29077,11111000
27109,11108000
45027,11023000
22083,11016000
01065,11000000
05127,10970000
42113,10830000
12064,10775000
55077,10758000
22048,10750000
12115,10745000
25022,10733000
13089,10706000
55127,10695600
19011,10660000
05137,10638000
51098,10609000
05017,10595000
48121,10573000
47045,10552000
98002,10535000
02141,10500000
48409,10480000
12073,10460000
19191,10408000
19057,10393000
54045,10299000
04025,10272000
29043,10237000
47187,10222000
34029,10216010
37079,10210000
05045,10196000
19139,10170000
55027,10168000
47087,10145000
19111,10139000
13160,10130000
48091,10120000
06073,10081800
13119,10071500
26065,10025000
54101,10021000
48477,10016000
37015,10010000
37044,10010000
13118,10008000
48187,10000000
12124,10000000
98001,10000000
27139,9950000
55103,9891000
45089,9824000
53053,9725000
05005,9722000
37189,9685000
13157,9673000
26021,9650000
22057,9585000
27019,9541000
13131,9530000
05035,9526000
05067,9512000
17177,9505000
25027,9396000
21101,9380000
12129,9310000
39079,9272500
12034,9184000
29153,9165000
17003,9142000
05147,9122000
26123,9100000
17025,9070000
32031,9060000
13295,9019000
48479,9000000
27045,8986000
47165,8971800
05101,8902000
12099,8880000
26107,8850000
04019,8845500
12063,8843000
24005,8752000
53051,8747000
47181,8745000
12005,8706000
53041,8700000
25007,8670000
48257,8669000
01066,8585000
02221,8570000
19019,8520000
42051,8439000
55011,8434400
05043,8428000
37165,8410000
51099,8370000
48491,8340000
05049,8323000
25015,8303000
12148,8300000
19179,8256000
22117,8190000
18101,8152500
35061,8120000
29031,8064000
32019,8064000
22103,8030000
05003,8019000
12260,8000000
53061,8000000
48405,8000000
42045,8000000
48435,8000000
36097,7945000
17201,7932000
12027,7905000
55063,7884000
49007,7855000
12151,7850000
34016,7800000
39085,7752000
05009,7718000
19163,7675000
05051,7672250
28067,7672000
48489,7650500
29145,7540000
12160,7535000
26049,7515000
12049,7440000
19023,7411000
06033,7410000
22065,7406000
22071,7405000
06015,7390700
19131,7378000
29127,7311000
01097,7311000
22021,7200000
17021,7200000
06107,7193700
19085,7180000
12013,7140000
51005,7091000
47111,7068000
48355,7035000
12149,7025000
26133,7025000
06009,7010000
48473,7004000
26067,7000000
06011,7000000
12251,6950000
05085,6940000
39139,6919000
29067,6871000
05021,6851000
45035,6811900
37025,6803500
06091,6800000
19181,6777000
22056,6774000
13123,6754000
05007,6740000
18141,6710000
17089,6700000
42027,6700000
40109,6695000
09011,6671500
28157,6640000
54081,6639000
54047,6635000
53019,6629000
29203,6603000
22047,6580000
21115,6567000
16067,6565000
29149,6551000
17075,6550000
45017,6534000
05023,6526000
29181,6503000
28091,6479000
06103,6460000
37037,6430000
98006,6430000
29207,6383000
02121,6380000
08059,6376000
26053,6375000
41041,6373000
54087,6364500
05041,6341000
05039,6332000
22015,6315000
36071,6304000
33015,6287000
29099,6225000
38075,6206000
34031,6200000
39151,6187000
10003,6181000
37105,6155000
12055,6120000
98003,6120000
17073,6114170
05103,6100100
22026,6100000
20173,6099700
05129,6078000
26105,6075000
19187,6060000
35028,6060000
44001,6052000
22064,6035000
12128,6004000
30065,6000000
05044,6000000
53015,5995000
50015,5988000
29029,5906000
17131,5875000
12103,5875000
19049,5862000
31095,5826000
48061,5799000
29105,5798000
51141,5781120
37035,5776000
21059,5760000
39123,5750000
26015,5750000
54055,5749200
55131,5745000
29017,5705000
37017,5700000
53073,5700000
29229,5682000
01063,5670000
34009,5650010
12031,5648200
37007,5630000
05031,5626000
38055,5620000
33003,5599000
24023,5574000
56025,5559000
36089,5555000
05019,5551000
19123,5543000
04012,5536000
48191,5515500
25013,5508000
27053,5500000
16031,5425000
38049,5407000
08075,5395000
23019,5369000
05053,5296000
47077,5275000
37102,5240000
22125,5220000
37129,5181000
55053,5158300
05149,5157000
28149,5156000
49005,5150000
26025,5150000
54079,5127000
19133,5127000
40019,5120000
19183,5118000
20077,5112200
49043,5110000
19129,5109000
47049,5103000
22024,5100000
26085,5080000
26083,5072000
47179,5066000
06061,5058000
13125,5053000
17039,5050000
41001,5022000
28121,5000000
51810,5000000
17125,5000000
48182,5000000
26121,5000000
49003,5000000
26037,5000000
42133,4970000
47017,4946000
51079,4944000
05013,4921000
39055,4910000
01051,4907000
48141,4905000
47039,4900000
54033,4861000
12011,4860000
22123,4844000
16037,4820000
29161,4818000
47083,4803000
27123,4800000
27013,4800000
41057,4787000
02111,4780000
44006,4775000
29045,4775000
38071,4765500
37155,4757000
29131,4756000
21089,4755500
54019,4751000
06105,4750000
42115,4739000
37019,4733000
38005,4723000
24043,4720000
47159,4715000
27131,4700000
36017,4694000
21139,4682000
55039,4679850
45015,4666840
27037,4660000
26045,4650000
02125,4650000
35045,4650000
21083,4625000
16017,4569500
36021,4562000
39061,4518500
28033,4508000
35039,4507500
16035,4505000
51097,4505000
28003,4500000
13257,4500000
47075,4500000
36028,4500000
47071,4471000
47097,4461500
05141,4443000
29183,4363000
55019,4345000
36083,4337000
22111,4310000
47125,4305000
19095,4297000
06041,4279100
31003,4270000
05042,4250000
05056,4250000
47081,4230000
38063,4228500
48097,4200000
28035,4179000
19031,4175000
48027,4173000
36053,4159000
17111,4150000
23023,4127000
42107,4125000
48021,4110000
53009,4105000
13139,4088000
12076,4077500
05113,4068000
05029,4066000
19185,4055000
19125,4052000
12097,4030000
08005,4030000
18025,4022000
16001,4010000
54043,4007000
09001,4006500
30097,4000000
41015,4000000
30003,4000000
41033,4000000
13223,4000000
21121,3979000
27143,3960000
19107,3945000
41039,3914000
37167,3905000
27165,3900000
47149,3879000
17077,3873000
38057,3861000
24017,3850000
05115,3835100
05025,3826000
28001,3825000
12029,3824000
37173,3821500
44005,3815000
49019,3803000
51185,3789250
05001,3780000
54051,3761000
28061,3759000
39155,3750000
06057,3735000
28023,3729000
05011,3716000
33019,3700000
42029,3700000
33014,3698500
19045,3696000
28080,3670000
24025,3665000
19097,3652000
33013,3651000
26017,3650000
32007,3630000
19063,3620000
12079,3600000
02101,3595000
33005,3583000
36011,3576000
24003,3558000
28081,3541000
18073,3538000
36003,3501000
26075,3500000
39099,3500000
18181,3480000
42065,3460000
46103,3450000
19117,3450000
25016,3445000
37047,3443000
19033,3415000
05057,3410000
01061,3406000
29109,3400000
41053,3395000
39015,3390000
42095,3350000
25003,3350000
26087,3345000
41051,3327000
35009,3326000
51063,3316900
46083,3315000
53011,3311000
37021,3270000
28085,3267000
53021,3265000
22025,3264000
41009,3253000
27133,3250000
21149,3238000
28059,3235000
29097,3222000
25020,3208000
35003,3201000
29201,3200000
53067,3200000
42033,3200000
39103,3190000
47135,3182000
21157,3164000
01039,3161000
48249,3155000
28063,3152000
13247,3150000
23031,3134000
06085,3130500
02155,3120000
16005,3119000
29113,3118000
01069,3115460
17153,3115000
17037,3115000
05071,3110000
44008,3100000
26159,3100000
19135,3100000
28163,3085500
48181,3079000
33001,3070000
17181,3065000
32005,3060000
18059,3057000
18175,3055000
12016,3050000
26115,3050000
48001,3040000
36081,3038500
32013,3038000
16051,3028000
36080,3022500
22030,3020000
12249,3020000
39163,3017500
99006,3014000
53007,3012680
20083,3012000
24510,3011000
19017,3010000
41003,3010000
46129,3000000
26127,3000000
26117,3000000
51580,3000000
48224,3000000
51650,3000000
26057,3000000
51740,3000000
30111,3000000
17183,3000000
12255,3000000
26035,3000000
13034,3000000
12019,2998000
28049,2997000
41067,2956000
12242,2950000
51081,2950000
27039,2942500
05079,2929000
17127,2918000
41071,2895000
51590,2841560
19109,2830000
48305,2812000
05139,2795000
05055,2787000
36049,2769000
13073,2767100
22042,2755000
35053,2755000
16053,2750000
28087,2746000
04021,2733000
21019,2726000
37193,2714500
17041,2710000
28037,2677000
12065,2670000
54011,2664000
05105,2651000
13158,2640000
04003,2637000
22031,2630000
31037,2620000
27099,2606000
24024,2605000
17197,2601000
17161,2582670
24041,2575000
37115,2571000
17169,2570000
12067,2556000
23005,2556000
13185,2550000
45033,2550000
35049,2543000
39133,2535500
38103,2534000
28133,2524000
53065,2516000
37029,2515000
29065,2510000
48089,2505000
53057,2504000
18111,2501000
17023,2500000
28062,2500000
12062,2500000
16083,2500000
17067,2485000
46019,2476000
39033,2467000
16063,2464500
05089,2464000
35007,2440000
35041,2420000
48015,2420000
05037,2420000
18163,2415000
48251,2405000
12018,2404000
51071,2401000
11001,2400000
10001,2400000
45045,2388000
42039,2375000
51093,2365000
46079,2350000
13146,2350000
35001,2347000
42035,2340000
13275,2338000
36109,2335000
08067,2330000
51091,2320000
05015,2310000
34017,2300000
12060,2300000
13166,2300000
56003,2273500
01053,2267000
47169,2266000
12028,2254000
28060,2250000
17029,2250000
19007,2250000
47085,2246000
12139,2243000
48337,2240000
21095,2233000
28047,2230000
17195,2229670
49049,2220000
17059,2219000
17055,2219000
55007,2204000
18149,2200000
28031,2198000
47089,2191000
19127,2190000
47065,2190000
42101,2185010
99065,2175000
01025,2170000
48183,2168000
05059,2168000
19177,2157000
08001,2150000
48135,2149700
13047,2145000
21069,2142000
16087,2142000
06063,2141000
04023,2141000
16079,2140450
22085,2135000
06043,2134500
36043,2133000
19119,2130000
23025,2124400
13127,2121000
32023,2104500
20155,2100700
27033,2100000
23009,2098000
16065,2093000
27075,2091000
19067,2091000
51640,2074000
28123,2062000
39013,2059000
45029,2054880
28073,2053000
48221,2050000
46067,2050000
48329,2049800
36015,2045000
22059,2040000
47151,2036000
27129,2035000
36069,2034000
41043,2033000
50009,2032000
41061,2030000
28077,2027000
23017,2027000
19091,2025000
99004,2021000
48323,2020000
16009,2018000
13083,2016000
13126,2015000
13128,2015000
36093,2014000
33011,2010000
17105,2010000
47093,2008000
99095,2000500
05024,2000000
30095,2000000
26048,2000000
17093,2000000
46005,2000000
02023,2000000
28109,2000000
48136,2000000
24007,2000000
28119,2000000
27003,2000000
42075,2000000
48403,2000000
29071,2000000
49021,1980000
05068,1975000
13141,1974000
06017,1970000
46093,1958000
45043,1954500
12081,1940000
38093,1935000
24013,1930000
28027,1925000
38045,1919000
42017,1910000
96010,1910000
19121,1910000
51171,1910000
48161,1906500
51161,1904000
13285,1903000
21007,1895000
28053,1895000
53077,1891000
35047,1891000
26055,1889000
21127,1888000
47119,1886000
27169,1872000
31025,1870000
01031,1861000
24035,1860000
36101,1851000
34018,1850000
16047,1850000
48169,1845500
01064,1843000
38025,1840000
42069,1832000
55045,1830000
54099,1827500
23029,1827000
16041,1822000
19099,1820000
41002,1819000
56023,1802000
24018,1800000
40003,1800000
01101,1800000
08045,1792100
22121,1790000
05054,1780000
05062,1780000
31169,1771000
22013,1765000
19075,1765000
19003,1760000
40031,1760000
51078,1757000
37001,1750000
05032,1750000
05066,1750000
19039,1750000
05033,1745000
05109,1745000
17087,1745000
19035,1740000
48037,1734000
01129,1729000
17091,1725000
35019,1725000
38031,1725000
35006,1720000
09009,1719000
53027,1715000
39147,1710000
19167,1700000
37012,1700000
27047,1695000
31147,1692000
17109,1691000
51100,1690000
01103,1685000
28075,1682000
20021,1675000
05064,1675000
56019,1670000
48217,1667000
12056,1665000
51035,1664750
45067,1661000
17193,1659000
39001,1656000
22119,1655000
19197,1655000
42007,1655000
51143,1651500
18099,1650000
22003,1650000
28105,1647000
54091,1641500
25018,1640000
54089,1637000
12091,1635000
18051,1631000
39007,1630000
31177,1630000
05093,1626000
23021,1625500
39053,1625000
53043,1620000
55141,1615000
99051,1611000
13313,1601000
30009,1600000
27079,1600000
53045,1600000
21233,1600000
19195,1595000
47035,1589000
19053,1581000
28155,1580000
01001,1580000
19077,1580000
51096,1575000
28139,1575000
56017,1575000
19175,1575000
24015,1570000
28011,1564000
48293,1562000
48193,1560000
26145,1550000
37045,1544000
13321,1540000
36099,1535000
47173,1530000
37108,1527000
13161,1525000
31167,1524000
37041,1520000
99061,1516500
48389,1515800
37057,1511000
12086,1506000
21093,1505000
53003,1503000
37107,1501000
55097,1501000
17053,1500000
56027,1500000
51175,1500000
02152,1500000
05016,1500000
18075,1500000
37088,1500000
16027,1500000
17147,1500000
17101,1500000
28055,1499000
29125,1496000
23007,1496000
13217,1487000
16011,1487000
40131,1485000
21029,1477000
47043,1472000
05081,1470000
48185,1466000
19089,1465000
23001,1465000
18157,1464250
13081,1463000
18039,1460000
51077,1448040
51770,1448000
38021,1444000
38053,1444000
39143,1440000
35031,1425500
24033,1425000
38043,1420000
54035,1403500
39109,1403000
22007,1402000
23024,1401000
39101,1400000
13156,1400000
18091,1400000
36023,1399000
19145,1396000
27015,1395000
05047,1390000
28089,1381000
37027,1378500
55089,1378160
49025,1377000
05038,1375000
05030,1375000
02222,1368500
28083,1366000
24011,1360000
51800,1360000
19037,1357000
37157,1354000
37109,1352000
24016,1350000
39169,1350000
51121,1347000
28071,1341000
29167,1340000
53075,1331000
01023,1327000
45031,1325000
31155,1323500
28082,1320000
05111,1319000
38009,1307000
16057,1303000
05123,1303000
06053,1303000
31001,1300000
46081,1300000
28095,1297000
31067,1295000
19087,1295000
39081,1290000
28145,1290000
20183,1285000
21219,1280000
39077,1275000
21107,1274000
30105,1273000
28043,1273000
21071,1268600
54009,1265000
31119,1264000
28125,1263000
36063,1260000
53071,1260000
37089,1255500
17151,1254000
46127,1250000
28147,1250000
05014,1250000
49041,1250000
05006,1250000
55091,1245000
21025,1241000
46099,1240000
21225,1235000
37141,1235000
30017,1230000
42041,1220000
20015,1218050
48497,1216000
54021,1212000
55035,1210000
25014,1208000
46035,1205000
36051,1205000
18105,1204500
05107,1200000
13113,1200000
51700,1200000
55015,1199000
28101,1197000
20141,1195000
21075,1190000
35051,1188000
49057,1183000
26149,1180000
24029,1160000
51086,1157500
46137,1157000
05052,1150000
26155,1150000
22020,1150000
48465,1150000
51083,1149130
21013,1148100
46011,1145000
23027,1138800
19157,1135000
19079,1130000
13147,1130000
19083,1128000
54107,1125500
05022,1125000
05046,1125000
05040,1125000
39075,1125000
21129,1123000
19159,1120000
21151,1113000
48291,1110000
27127,1105000
48505,1105000
13095,1101000
21073,1100000
08031,1100000
40027,1100000
46111,1100000
18129,1100000
06097,1098900
13117,1098320
02214,1096600
29059,1096000
38029,1088000
01077,1087000
99053,1087000
55065,1086660
31183,1075000
13148,1075000
27031,1072000
48233,1064000
28135,1062000
36095,1051000
19193,1050000
26027,1050000
22018,1050000
28093,1050000
46135,1050000
54049,1042500
02017,1037000
32017,1031000
54007,1030000
05073,1025000
31175,1025000
38067,1025000
13159,1022000
28107,1021000
31097,1020000
28141,1020000
06115,1020000
26101,1020000
47147,1018000
18053,1015000
12026,1015000
13124,1015000
39105,1012000
99039,1010500
48057,1010000
99069,1010000
37076,1010000
37086,1010000
37075,1010000
16007,1010000
37073,1010000
12172,1009000
37043,1005000
46077,1005000
13039,1004000
37084,1002500
16075,1002000
16045,1001000
99073,1001000
22081,1001000
48377,1000000
48206,1000000
48451,1000000
37078,1000000
37077,1000000
46023,1000000
37106,1000000
48137,1000000
37042,1000000
05004,1000000
27161,1000000
46055,1000000
99063,1000000
17173,1000000
37013,1000000
50002,1000000
99047,1000000
37133,1000000
41047,1000000
99054,1000000
37040,1000000
53035,1000000
39167,997500
28025,989000
55001,987000
48309,983000
05091,979000
12061,976000
05012,975000
28097,975000
13140,971250
29111,967000
26165,962000
13087,955000
17045,950000
36055,949500
38105,940000
31059,940000
28113,940000
54061,939000
19171,935000
55017,932000
38085,930000
42071,930000
48035,927000
38061,921000
27091,920000
54017,919500
28015,913000
21161,911000
48231,911000
51690,910910
37111,910500
28021,908000
16049,907000
47047,905000
13100,901500
46057,900000
26093,900000
23013,898500
47099,895000
19047,893000
54063,890000
22093,886000
16055,882500
21215,880000
21179,880000
17071,875250
47101,875000
05034,875000
31185,875000
42125,874500
19015,865000
28029,863000
13143,860000
21033,858000
54085,855500
42067,850000
06031,847190
06081,846000
48025,845000
21173,844400
22027,835000
51173,833250
54053,831000
06025,824000
39029,810000
29057,810000
42119,810000
54095,805000
31153,805000
25012,801000
02204,800000
27063,800000
05074,800000
51750,800000
42105,800000
25004,800000
40009,800000
37030,800000
29157,798000
45069,785000
51080,782000
18125,780000
48067,780000
39175,780000
21135,769000
42061,765000
40135,765000
21227,765000
27073,765000
47095,765000
13277,765000
31111,761000
29179,760000
20001,757000
16033,757000
19147,755000
46105,755000
29051,753000
99151,751000
18151,750000
31129,750000
42062,750000
22002,750000
28009,750000
05070,750000
48126,750000
35035,750000
12002,750000
18097,747500
06047,746000
54075,745500
39073,745000
26103,740000
47131,735000
13007,728000
35005,726500
10002,726000
48139,724000
20035,723200
29069,720000
39117,717000
20065,716000
39009,714000
12173,712000
30023,710000
21113,710000
38065,707000
39127,705000
47019,703500
40081,700000
12006,700000
05087,700000
19021,700000
21055,700000
28064,700000
06077,700000
13056,700000
42077,700000
28072,700000
26147,700000
55009,698500
05143,695000
36121,695000
13015,694000
29141,694000
51084,692800
28005,690000
40089,690000
40015,690000
48047,690000
41023,688000
46041,685000
36045,685000
04009,684000
19027,680000
16069,679800
39083,679000
13129,678000
04007,677000
48223,674000
21193,672100
05131,670000
12051,670000
54005,670000
18147,670000
51067,662000
31039,661000
22022,660000
40061,660000
51027,658000
12014,654000
01117,653000
10005,650000
18017,650000
24012,650000
55117,648300
55105,645160
06019,643000
39043,638000
19051,635000
27035,634000
39145,633000
39019,633000
48445,630000
42097,630000
17141,618000
17001,618000
01095,617000
37123,617000
17199,615000
35015,614800
37121,614000
33017,610100
46063,610000
19149,610000
39005,610000
31047,608000
55049,607830
05027,605000
13014,600000
01013,600000
99059,600000
19041,600000
51075,600000
25006,600000
12248,600000
13211,597000
38089,595000
47027,593000
28065,592000
18049,590000
45057,588900
47069,587000
49017,587000
31141,586200
12066,584000
16021,582000
26081,580000
09007,574000
18047,572000
54001,568000
38037,567000
18013,566000
26131,565000
49013,565000
21165,562500
37149,562500
05077,561000
45077,560500
31053,560000
31077,560000
40079,560000
17081,558000
31089,558000
13207,555000
27083,555000
27043,552000
37049,551000
42070,550000
53031,550000
22010,550000
27069,547000
01121,545000
18133,543500
27049,540000
46071,540000
16029,538000
28039,537000
40101,535000
17113,535000
47005,534000
16023,533000
36001,531000
23015,531000
22089,530000
18061,530000
12015,530000
13145,528000
39011,527000
54013,527000
40125,525000
20137,525000
22043,525000
19161,525000
49055,524000
56033,520000
39039,520000
51017,519500
45039,519000
01067,516000
02025,516000
48331,515000
37031,515000
56043,515000
31081,515000
40097,515000
30069,515000
37005,513000
53005,513000
20099,510300
39107,510000
37074,510000
99071,510000
99153,510000
28019,510000
08101,510000
31131,509000
22046,509000
99041,505500
37032,505000
19029,505000
46013,505000
17049,505000
31041,505000
99057,505000
99055,505000
12003,505000
29055,501000
36035,501000
21205,500500
99043,500500
55073,500500
21195,500110
17139,500000
48437,500000
27103,500000
31115,500000
31127,500000
51131,500000
37053,500000
20081,500000
48103,500000
48171,500000
37014,500000
46061,500000
37028,500000
21169,500000
13130,500000
28048,500000
99049,500000
37026,500000
37131,500000
99067,500000
22014,500000
24039,500000
24047,500000
51001,500000
24010,500000
34010,500000
34008,500000
19093,500000
26091,500000
06035,500000
42019,497000
20009,491100
55109,490000
37100,490000
13311,489500
21023,488000
35013,488000
13111,486000
20089,485000
21039,480000
38079,480000
19025,480000
25024,479000
06051,477500
28159,477000
39161,475000
18169,475000
20147,475000
45047,474000
31079,471000
18173,461000
48447,460000
29011,460000
36037,460000
28137,460000
55071,452000
13116,451500
42117,450000
48153,450000
51620,450000
25010,450000
19073,450000
22012,450000
42127,445000
48203,441000
28069,440000
45050,438750
54097,437000
17065,435000
31019,435000
31107,434000
38047,430000
42073,430000
28079,429000
20159,428300
51051,426000
29093,425000
17171,425000
27173,425000
48005,425000
12105,423500
31085,418000
51085,418000
39157,416000
21035,416000
01071,415000
32029,415000
29163,410000
31093,410000
40093,410000
12023,410000
42121,410000
36057,405000
54083,404000
28099,404000
08077,403000
47003,403000
47117,403000
48347,402000
13155,400000
40005,400000
30011,400000
19101,400000
48125,400000
48138,400000
48151,400000
48150,400000
21137,400000
45003,399700
29199,395000
01073,395000
01089,392000
13086,390000
48423,388000
39173,387000
06013,385500
51023,385330
35029,385000
56045,383000
48281,383000
51074,381000
17145,380000
21017,380000
48219,380000
13051,378000
40091,375000
49015,375000
30025,375000
31035,373000
39071,373000
18085,371000
31015,370000
31121,370000
08073,370000
39031,369000
39113,368500
37171,367000
16077,367000
17069,364000
47183,362000
37097,362000
12085,360000
48099,360000
47129,360000
26161,360000
19173,355000
30087,355000
24022,355000
51019,355000
48459,355000
16019,354000
38051,352000
12004,350000
28054,350000
42085,350000
22016,350000
48315,350000
46101,350000
48007,350000
53069,349000
48367,348500
16071,346000
27023,345000
54073,339000
18145,337000
47143,337000
18079,336250
31101,336000
48381,335000
40111,335000
01075,334000
28007,334000
36117,333000
28117,333000
39119,332000
12083,331600
47115,331000
45048,330500
01043,330000
51021,330000
17185,327000
21119,327000
01099,325000
38019,325000
18113,325000
26157,325000
27111,323000
37009,322250
20191,321500
04027,320000
49039,320000
46047,320000
28074,316000
17033,315000
47109,314000
12012,312000
29186,311000
12121,310000
29001,310000
46051,310000
38077,307500
39023,307000
18067,306000
27085,305000
13085,305000
27117,305000
24009,305000
38017,302500
21177,302000
49047,302000
39121,301000
99075,301000
99109,301000
24014,300000
13082,300000
45091,300000
13269,300000
17014,300000
53508,300000
18183,300000
01045,300000
27021,300000
22006,300000
42089,300000
18003,300000
08007,300000
25001,299200
45071,299000
38023,298000
38069,296000
09015,295000
31163,295000
31027,291000
01111,291000
06089,290000
12039,290000
29155,290000
21221,290000
47031,288000
45083,287000
20163,287000
17011,285000
05026,285000
55087,283500
12123,282330
47145,281000
21005,280000
47023,280000
29187,280000
12008,280000
31063,280000
17191,280000
13109,280000
48499,277000
20205,275900
51009,275000
23011,275000
22095,275000
48041,274000
13105,272500
21031,272000
46123,271000
42021,270000
56037,270000
20123,270000
36059,269500
56011,269500
28103,267000
20037,267000
13059,267000
26043,266000
38099,266000
08125,265000
48297,265000
13053,264000
51155,263820
38041,263000
47079,262000
08035,260000
08063,260000
18069,260000
37145,260000
27065,260000
31143,260000
40107,260000
13033,258400
29173,257000
38003,257000
08019,256000
13151,255000
37139,255000
21085,255000
18007,255000
31087,255000
18165,254250
28013,252000
22004,250000
49033,250000
20085,250000
53510,250000
24019,250000
22038,250000
37185,250000
05072,250000
48283,250000
13063,250000
17079,250000
04001,250000
42055,250000
48112,250000
27067,250000
55033,250000
13048,250000
48256,250000
48124,250000
29147,250000
13069,250000
13099,250000
13205,250000
02219,250000
26051,250000
13177,250000
13044,250000
48289,250000
16043,248000
37199,248000
02210,245000
54041,244500
48503,241500
40121,240000
48363,240000
42063,239000
37011,238000
01049,238000
27005,235000
08091,234000
20109,232500
36091,231000
39017,230500
01068,230000
42109,230000
51076,229000
02151,228000
08017,227500
16039,227000
31023,225000
37023,223000
20115,222300
46033,222000
18035,221000
13245,220200
46039,220000
40021,220000
13013,220000
54069,219000
51087,219000
13122,215000
36075,214500
13093,214000
20133,212200
21047,212000
48189,211200
39049,211000
13137,210500
13106,210000
53001,210000
42083,210000
19151,210000
40049,210000
39111,210000
01009,210000
24008,210000
01127,208000
08117,205000
13023,205000
51031,205000
13027,205000
28153,202000
55085,202000
29103,202000
36039,201000
27145,201000
48111,200000
51153,200000
37143,200000
16015,200000
46125,200000
13049,200000
13114,200000
41059,200000
24006,200000
48273,200000
05050,200000
53507,200000
13021,200000
42009,200000
42023,200000
18033,200000
42047,200000
51595,200000
29039,200000
48311,200000
40147,200000
27081,200000
40143,200000
31145,200000
51199,200000
48239,200000
38001,199000
31181,195000
37179,195000
31021,194000
56005,192000
29073,191000
17107,190000
56029,190000
21223,190000
18121,189000
05018,188000
21183,185000
48277,185000
19001,185000
47171,183000
47025,181000
17017,180000
53025,180000
39067,180000
54077,176500
01007,176000
13050,175000
40041,175000
26109,175000
49009,175000
27101,175000
40117,175000
48467,174000
20193,172000
01041,172000
01125,172000
04011,171000
21105,170000
49027,170000
31031,170000
22036,169500
35025,167400
31159,167000
13167,166000
08039,165000
21143,165000
21037,164000
41049,164000
28129,164000
47001,161000
13144,160000
48029,160000
08029,160000
40039,160000
26113,160000
48145,160000
40017,160000
31011,160000
13107,159000
18095,158500
45007,157000
48109,156200
21133,156000
49037,155500
55119,155000
46059,155000
18087,154000
06039,154000
18137,154000
21117,153000
23026,153000
21067,153000
28131,152000
26001,152000
12093,151200
51047,150600
13221,150500
21041,150000
51013,150000
13046,150000
37061,150000
13076,150000
29115,150000
13142,150000
48095,150000
47002,150000
98007,150000
46097,150000
46087,150000
48162,150000
13110,150000
13104,150000
13074,150000
48225,150000
18077,150000
05099,150000
26129,150000
13042,150000
13036,150000
13024,150000
19141,150000
51053,150000
42005,148000
13215,147500
28127,147000
39025,146000
16059,144500
21015,144000
39091,144000
37175,143000
13291,142000
37169,142000
24031,140600
20023,140500
17035,140000
13153,140000
38095,140000
21003,140000
40001,140000
38007,140000
48085,139000
39059,139000
31065,138000
99127,138000
50025,137000
18135,136750
21131,136100
20017,136000
20167,135700
21197,135560
21141,135000
40145,135000
24020,135000
31061,135000
18057,134500
13077,133000
40013,131000
31071,130000
30067,130000
31009,130000
12239,130000
31083,130000
26071,130000
39165,130000
48429,130000
31029,130000
27167,129500
09005,129000
53059,128000
47185,128000
54105,127000
12042,127000
17007,126000
18029,126000
27093,125000
35033,125000
49029,125000
40069,125000
08043,125000
48079,125000
20011,125000
26033,125000
17129,125000
30027,125000
21209,125000
38013,125000
06001,123500
18019,122000
51029,120500
20169,120500
42059,120500
37104,120000
37110,120000
30075,120000
01123,120000
31149,120000
16081,120000
18031,119750
51197,119500
45055,118000
48143,118000
37071,117500
06055,117500
28041,117000
38035,117000
28111,117000
28115,116000
02225,115000
28056,115000
19189,115000
48147,113500
12075,112500
13031,112500
28066,112000
27057,112000
36115,111000
13115,111000
42031,111000
35059,110000
21239,110000
01011,110000
21001,110000
48242,110000
40051,110000
48107,110000
48313,110000
18171,109500
48133,109000
18045,108500
27027,107500
01035,107000
51113,107000
01087,107000
51088,107000
21049,107000
18063,106750
18177,106000
46091,106000
32009,106000
12112,106000
20095,105300
22034,105000
12007,105000
13108,105000
31137,105000
01055,105000
13098,105000
46065,105000
13261,105000
40137,105000
46109,105000
12118,104000
21175,104000
37113,103500
21097,103000
05008,103000
02213,103000
21167,102000
29510,102000
53503,101000
31133,101000
20179,100000
48271,100000
42093,100000
39003,100000
05060,100000
46095,100000
42087,100000
46073,100000
48148,100000
05061,100000
21053,100000
21061,100000
21057,100000
21171,100000
13037,100000
18143,100000
51092,100000
13068,100000
48341,100000
13066,100000
13080,100000
13084,100000
48205,100000
01131,100000
38091,100000
55093,100000
55095,100000
13094,100000
13096,100000
48194,100000
13022,100000
21045,100000
48325,100000
13305,100000
49011,100000
21207,100000
51054,100000
51181,100000
48449,100000
51183,100000
51055,100000
20051,100000
12262,100000
42060,100000
27041,100000
42068,100000
51057,100000
20189,100000
48463,100000
48108,100000
22008,100000
37147,100000
48110,100000
13201,100000
13054,100000
48117,96000
51163,95250
31033,95000
46089,94000
12021,93500
01047,92000
27089,92000
01021,92000
27159,92000
23028,91000
13227,91000
39037,91000
21187,90500
26041,90000
47175,90000
17047,90000
31179,90000
51082,89000
45025,87510
01037,87000
21021,87000
51090,87000
38011,87000
18065,86500
21081,85500
28051,85000
19081,85000
21217,85000
48401,85000
45021,85000
21103,85000
54093,84000
42001,84000
35055,82000
99145,80500
51073,80000
31157,80000
47057,80000
48493,80000
12114,79000
54103,77000
21211,77000
01033,77000
18139,76500
13035,76000
20125,75900
42099,75500
53509,75000
13075,75000
13058,75000
13070,75000
47041,75000
40153,75000
13071,75000
31117,75000
01091,75000
13072,75000
13060,75000
13025,75000
13043,75000
49031,75000
55029,75000
54029,75000
40065,75000
09013,75000
13090,75000
13038,75000
31017,75000
21229,75000
12010,75000
21063,74100
21065,73000
21155,72000
13079,72000
30077,70500
30063,70000
16061,70000
24045,70000
40115,70000
46121,70000
31125,70000
35011,70000
35017,69000
13091,68000
18037,68000
47177,68000
12119,67000
53017,67000
51169,66000
39115,66000
01093,65000
01115,65000
21125,65000
12108,65000
13195,65000
06042,65000
20063,64000
45085,62800
47007,62500
02215,62000
39149,61000
13233,61000
01079,60500
47004,60000
51520,60000
32510,60000
05028,60000
29085,60000
36119,60000
01107,60000
02227,60000
26143,60000
30081,59600
21077,58000
30039,57500
99131,57000
48461,56700
21191,56000
18161,56000
45005,56000
28070,55000
28068,55000
46115,55000
01081,55000
51003,55000
47163,55000
99135,55000
31073,55000
37067,55000
31099,55000
40037,55000
08095,55000
40105,55000
37161,54500
17119,53000
42011,53000
47155,52000
20073,51900
08081,51500
13112,51000
13103,50500
55107,50000
08071,50000
38039,50000
13102,50000
37181,50000
19059,50000
40023,50000
13092,50000
40047,50000
46031,50000
40067,50000
40077,50000
55050,50000
48207,50000
21079,50000
38081,50000
13078,50000
13032,50000
46027,50000
30037,50000
30049,50000
01057,50000
39069,50000
13237,50000
48087,50000
51070,50000
39125,50000
48119,50000
51510,50000
98008,50000
13016,50000
48131,50000
30045,50000
19165,50000
28032,50000
56035,50000
19143,50000
13020,50000
27171,50000
30021,50000
30033,50000
26006,50000
45023,50000
08083,50000
13062,50000
42103,50000
55005,50000
31113,50000
41021,50000
13052,50000
31135,50000
17155,50000
48265,50000
27105,50000
27011,50000
13061,50000
31171,50000
51167,49000
13281,48500
35057,47500
40113,47000
21199,46600
51720,46000
13009,46000
39057,46000
13251,46000
48371,45600
56039,45000
28057,45000
48075,45000
40123,45000
39141,45000
47063,45000
51072,45000
39131,44000
18041,43000
18011,43000
01019,42000
39065,42000
38073,41000
04017,41000
35037,40500
48379,40000
31139,40000
21213,40000
01113,40000
27007,40000
47020,40000
40007,40000
21011,40000
02212,40000
27149,40000
19009,40000
13041,40000
13012,40000
40129,40000
32011,39500
13181,39000
48071,39000
13149,38000
31173,38000
18131,38000
13187,38000
48165,37850
45001,37500
45081,37200
39135,37000
47029,37000
27119,36500
45053,36000
48425,36000
13011,36000
39021,36000
22028,35000
27113,35000
21009,35000
42013,35000
13263,35000
12107,35000
29095,35000
30029,35000
51187,35000
13293,35000
48232,35000
20209,35000
40087,35000
06552,35000
18155,35000
40083,35000
13179,35000
22109,35000
21109,34500
13279,34000
46021,34000
31123,34000
39041,33500
17149,33000
29007,33000
51195,33000
39089,33000
37087,32500
37159,32500
47055,32000
29217,32000
42053,32000
51191,32000
26004,31000
01015,31000
51037,30810
51045,30550
48063,30000
48487,30000
49023,30000
13133,30000
46117,30000
13189,30000
48051,30000
48395,30000
20057,30000
51125,30000
13120,30000
02207,30000
01005,30000
47048,30000
40063,30000
48146,30000
08023,30000
51059,29500
39045,29000
48335,28600
21235,28300
27071,28000
21051,27510
21153,27000
36111,27000
39129,27000
31049,27000
17121,27000
06067,27000
48045,27000
01085,26500
12087,26000
17051,26000
48003,25900
06075,25600
51117,25000
48105,25000
51064,25000
13225,25000
47123,25000
02223,25000
13002,25000
48073,25000
40127,25000
47059,25000
02217,25000
28076,25000
48345,25000
13191,25000
27125,25000
29015,25000
08093,25000
46029,25000
01052,25000
05133,25000
22044,25000
46017,25000
51678,25000
51630,25000
13019,25000
28017,25000
26031,25000
32001,25000
01062,25000
27153,25000
08037,25000
28040,25000
47009,25000
38097,25000
13001,24500
19137,24000
30089,24000
27135,24000
45073,23000
17163,23000
42123,22500
39047,22000
13213,22000
46102,22000
01050,22000
13175,22000
36027,21000
12109,21000
47091,21000
55137,21000
99085,20500
48175,20000
12001,20000
51683,20000
28058,20000
48149,20000
99129,20000
51061,20000
99111,20000
28161,20000
30053,20000
01018,20000
27087,20000
06083,20000
24037,20000
01119,20000
20007,20000
40029,20000
99002,19000
32015,19000
26003,19000
18107,18500
26047,18000
47061,18000
44002,18000
21203,18000
45065,18000
26097,18000
39027,18000
27107,17500
29185,17000
54031,17000
48093,17000
47139,17000
31105,17000
01048,17000
38027,17000
48115,16400
45037,16100
08085,16000
29139,16000
32033,16000
01083,15500
45013,15500
48033,15400
45059,15000
28050,15000
55002,15000
27029,15000
33012,15000
48387,15000
99091,15000
22032,15000
08097,15000
51525,15000
13219,15000
17083,15000
44004,15000
08107,15000
21099,15000
20185,15000
13030,15000
13003,15000
13004,15000
40071,15000
13008,15000
28038,15000
20113,14800
48229,14000
21189,14000
47107,13500
21147,13100
41007,13000
45009,13000
13301,13000
01024,13000
99010,13000
01044,13000
37039,13000
13005,12500
48415,12300
12035,12100
17103,12000
26009,12000
01105,12000
20165,12000
18159,12000
01133,12000
48174,12000
47073,11000
13271,11000
17157,11000
21237,11000
47153,11000
47013,11000
12095,11000
99123,10500
99103,10500
08051,10500
20053,10500
20105,10300
02018,10000
99077,10000
55078,10000
08115,10000
18043,10000
02026,10000
55075,10000
31075,10000
46037,10000
12117,10000
42025,10000
37187,10000
02027,10000
06037,10000
02161,10000
51011,10000
48013,10000
51524,10000
51056,10000
16085,10000
29061,10000
39159,10000
37117,10000
53029,10000
37137,10000
17013,10000
53055,10000
96030,10000
06514,10000
13171,10000
08119,10000
06505,10000
51159,10000
56041,10000
51177,10000
27051,10000
21159,9500
17009,9000
48397,9000
02028,9000
13138,9000
20059,9000
13297,9000
47011,9000
45011,8100
13235,8000
55113,8000
22127,8000
17061,8000
99119,8000
13317,8000
13309,8000
54023,8000
99115,8000
01017,7000
13163,7000
01046,7000
45049,7000
01040,7000
01042,7000
56021,6900
18023,6750
08113,6500
36079,6000
13169,6000
55047,6000
55125,6000
20079,5400
48383,5200
21231,5100
51069,5000
99107,5000
18002,5000
18001,5000
17117,5000
08111,5000
51039,5000
51139,5000
08103,5000
37016,5000
51107,5000
51042,5000
45087,5000
27077,5000
06095,5000
99149,5000
98005,5000
47015,5000
39051,5000
46085,5000
46075,5000
02181,5000
27095,5000
51540,5000
46045,5000
40119,5000
40133,5000
54065,5000
51058,5000
53517,5000
99089,5000
99097,5000
08057,5000
06509,5000
24001,5000
24004,5000
08049,5000
45044,4750
36078,4000
28026,4000
36074,4000
36073,4000
47105,4000
01027,4000
09012,4000
09010,4000
36072,4000
09006,4000
09008,4000
36068,4000
55099,4000
08027,4000
36070,4000
36076,4000
54027,4000
55003,4000
48301,3800
99008,3500
13241,3500
13303,3500
29037,3000
51046,3000
13197,3000
37197,3000
51044,3000
48483,3000
08055,3000
13193,3000
21185,3000
13307,3000
51179,3000
13209,3000
17005,3000
13283,3000
13259,3000
13249,3000
37006,2700
13231,2500
51105,2500
26013,2500
13265,2500
20153,2500
48495,2200
01036,2000
01034,2000
01038,2000
01020,2000
01030,2000
01029,2000
01028,2000
39097,2000
27137,2000
30093,2000
55069,2000
29019,2000
55067,2000
51050,2000
20127,2000
02226,2000
29005,2000
54071,2000
20157,2000
54057,2000
26029,2000
53511,2000
21201,2000
01026,2000
29027,2000
40099,2000
40103,2000
13199,2000
47103,2000
46007,2000
47121,2000
13101,2000
47051,2000
48321,2000
48317,1550
13255,1500
37059,1500
20181,1500
48475,1500
13319,1500
55135,1500
48481,1000
30047,1000
30055,1000
55037,1000
31045,1000
20207,1000
20093,1000
51038,1000
51036,1000
01032,1000
17027,1000
29123,1000
20111,1000
29135,1000
29137,1000
29211,1000
31161,1000
29177,1000
17135,1000
29205,1000
99079,1000
51052,1000
30083,1000
30071,1000
45042,1000
29049,1000
18115,1000
20003,1000
20041,1000
20013,1000
45056,1000
17133,1000
01012,1000
55051,1000
20049,800
20071,500
47127,500
20103,500
20019,200
20145,100
15007,0
31091,0
15020,0
48159,0
27141,0
27097,0
15025,0
02202,0
55013,0
55072,0
48163,0
30109,0
46049,0
15006,0
31165,0
15005,0
27061,0
15003,0
02022,0
48152,0
46053,0
31069,0
15023,0
02218,0
27059,0
31013,0
02208,0
02131,0
02209,0
48155,0
31043,0
55060,0
02135,0
27121,0
55061,0
31051,0
46069,0
31005,0
15009,0
15021,0
15008,0
31057,0
27115,0
31007,0
33010,0
48166,0
34106,0
16073,0
06101,0
54003,0
06099,0
06093,0
34108,0
06079,0
27046,0
34104,0
06069,0
34039,0
29025,0
46003,0
26011,0
45061,0
35021,0
35023,0
45054,0
53506,0
23032,0
06111,0
06113,0
45052,0
06506,0
23030,0
45046,0
13088,0
23022,0
23020,0
23018,0
08009,0
46008,0
46009,0
06049,0
26153,0
46043,0
27025,0
32021,0
32027,0
16003,0
27009,0
33002,0
33004,0
33006,0
27001,0
33008,0
55083,0
48173,0
46025,0
26151,0
54037,0
46022,0
34002,0
06002,0
06003,0
16025,0
06005,0
06006,0
34004,0
06021,0
26095,0
46015,0
34006,0
26063,0
26059,0
15001,0
40035,0
30107,0
48059,0
29075,0
01016,0
29079,0
48050,0
29081,0
29083,0
48053,0
29087,0
29089,0
29101,0
01022,0
13150,0
29107,0
29117,0
13267,0
29121,0
48065,0
13239,0
48069,0
13243,0
29129,0
48077,0
28078,0
13253,0
48081,0
48083,0
99012,0
47067,0
01014,0
29003,0
48049,0
99081,0
01004,0
29033,0
29021,0
48009,0
99139,0
29041,0
48011,0
99133,0
29047,0
29013,0
99125,0
48017,0
99121,0
48019,0
99117,0
48023,0
29053,0
13165,0
29063,0
13164,0
99105,0
99101,0
99099,0
13154,0
13229,0
99087,0
13152,0
01002,0
29151,0
27151,0
01109,0
30031,0
30035,0
56009,0
56007,0
30041,0
30043,0
56001,0
30051,0
30057,0
48127,0
30059,0
48129,0
08014,0
30061,0
29159,0
27163,0
55115,0
13315,0
30073,0
30079,0
30085,0
30091,0
46107,0
13132,0
27155,0
30099,0
30101,0
30103,0
56015,0
30019,0
46119,0
48123,0
29165,0
29171,0
29175,0
48101,0
29195,0
01054,0
13273,0
29197,0
28045,0
01059,0
97003,0
13287,0
96020,0
13299,0
96002,0
96001,0
13136,0
13134,0
29219,0
29221,0
29227,0
30001,0
56031,0
30005,0
30007,0
30013,0
30015,0
08011,0
36004,0
53049,0
50014,0
51015,0
40149,0
40141,0
20161,0
51007,0
12036,0
48333,0
40139,0
12037,0
20151,0
12040,0
20149,0
12048,0
12070,0
50013,0
40151,0
12072,0
12074,0
20143,0
50003,0
20139,0
38033,0
12089,0
20135,0
48343,0
49051,0
20131,0
20129,0
49045,0
20121,0
48327,0
37177,0
08015,0
20195,0
21087,0
37096,0
21027,0
41027,0
12024,0
51065,0
12025,0
48299,0
20203,0
41025,0
20201,0
41019,0
20199,0
20197,0
48307,0
20171,0
41017,0
51049,0
20187,0
41013,0
41011,0
51043,0
48319,0
51041,0
12030,0
51033,0
20177,0
20175,0
12032,0
51025,0
20119,0
20117,0
40095,0
39137,0
13006,0
48455,0
40055,0
20033,0
40053,0
20031,0
20029,0
48443,0
48442,0
48441,0
20027,0
20025,0
48433,0
48431,0
20005,0
20107,0
48421,0
48419,0
40045,0
48413,0
48411,0
13017,0
40043,0
39171,0
40011,0
40025,0
48399,0
48385,0
40033,0
48393,0
20039,0
20043,0
40057,0
20045,0
38087,0
18179,0
20101,0
20097,0
48353,0
20091,0
20087,0
13029,0
20075,0
20069,0
12125,0
49001,0
48507,0
12174,0
20067,0
48501,0
48357,0
12202,0
48359,0
20061,0
12204,0
12206,0
40085,0
20055,0
40075,0
48365,0
20047,0
40073,0
48369,0
21091,0
37069,0
12022,0
36048,0
51730,0
22075,0
22074,0
36032,0
36038,0
51685,0
36040,0
36041,0
36042,0
51670,0
51660,0
08089,0
45028,0
36047,0
51610,0
36061,0
51600,0
36050,0
36052,0
36054,0
51570,0
45026,0
45022,0
51530,0
48222,0
45020,0
51523,0
51522,0
36058,0
51518,0
22087,0
45032,0
51760,0
23002,0
23016,0
23014,0
23012,0
53039,0
08025,0
48210,0
36002,0
08033,0
48211,0
23010,0
48391,0
53023,0
36005,0
36006,0
23008,0
23006,0
53013,0
08047,0
45040,0
45036,0
08053,0
45034,0
23004,0
51840,0
51830,0
51820,0
08061,0
51790,0
51775,0
36060,0
36064,0
48295,0
36178,0
51115,0
41063,0
51111,0
51109,0
48267,0
48269,0
51103,0
51101,0
18103,0
36176,0
36177,0
48275,0
41045,0
48279,0
36179,0
36066,0
18117,0
37003,0
18123,0
48285,0
21181,0
48287,0
21163,0
41035,0
37033,0
41031,0
41029,0
21123,0
37055,0
12020,0
36087,0
51119,0
36085,0
36084,0
51193,0
45016,0
13065,0
08099,0
42111,0
48240,0
42106,0
17159,0
17187,0
17189,0
18009,0
51165,0
48250,0
48252,0
42057,0
51157,0
42054,0
41069,0
51149,0
51147,0
51145,0
48259,0
48261,0
48263,0
51137,0
51135,0
51133,0
36082,0
51127,0
13183,0
